supplier,colour,status,kind,dims,chosen_file
Quartzforms,Absolute White 400,slab,slab,1512x850,Absolute Series\Absoloute white\Absolute_White-400- by Quartzforms  full slab view.jpg
Quartzforms,Add Top Crystal 700,slab,slab,1950x850,Add Series\Add Top Crystal\Add_Top_Crystal_700_slab.png
Quartzforms,Add Top Crystal Black 705,slab,slab,1950x850,Add Series\Add Top Crystal black\Add_Top_Crystal_Black_705_slab.png
Quartzforms,Brazilian Canadian White 205,slab,slab-shaped,1100x550,sample colours web 2026\Brazilian Canadian White 205 by Quartzforms.webp
Quartzforms,Breeze Ashen Light 800,slab,slab-shaped,1100x550,sample colours web 2026\Breeze Ashen Light 800 by Quartzforms.webp
Quartzforms,Breeze Blanc 805,slab,slab,1950x850,Breeze series\Breeze Blanc\Breeze_Blanc_805_slab.png
Quartzforms,Breeze Hull 830,slab,slab,1950x850,Breeze series\Breeze Hull\Breeze_Hull_830_slab.png
Quartzforms,Breeze Pearl 815,slab,slab,1950x850,Breeze series\Breeze Pearl\Breeze_Pearl_815_slab.png
Quartzforms,Breeze Pier 825,slab,slab-shaped,1100x550,sample colours web 2026\Breeze Pier 825 by Quartzforms.webp
Quartzforms,Breeze Sand 810,slab,slab,1950x850,Breeze series\Breeze Sand\Breeze_Sand_810_slab.png
Quartzforms,Cloudy Beige 620,slab,slab,1950x850,Cloudy series\Cloudy beige\Cloudy_Beige_620_slab.png
Quartzforms,Cloudy Belgian Blue 635,slab,slab,1950x850,Cloudy series\Cloudy belgian blue\Cloudy_Belgian_Blue_635_slab.png
Quartzforms,Cloudy Black 600,slab,slab,1950x850,Cloudy series\Cloudy Black\Cloudy Black 600 by Quartzforms full slab image.jpg
Quartzforms,Cloudy Black and More 625,slab,slab,1950x850,Cloudy series\Cloudy black & more\Cloudy_Black_And_More_625_slab.png
Quartzforms,Cloudy Desert 610,slab,slab,1950x850,Cloudy series\Cloudy Desert\Cloudy_Desert_610_slab.png
Quartzforms,Cloudy Portland Grey 630,slab,slab,1950x850,Cloudy series\Cloudy Portland Grey\Cloudy_Portland_Grey_630_slab.png
Quartzforms,Cloudy White 615,slab,slab,1950x850,Cloudy series\Cloudy White\Cloudy white 615 by Quartzforms  slab.jpg
Quartzforms,Extreme Iceberg White 300,slab,slab,1950x850,Extreme series\Extreme Iceberg White\Extreme_Iceberg_White_300_slab.png
Quartzforms,Extreme Night Black 305,slab,slab,1950x850,Extreme series\Extreme Night black\Extreme_Night_Black_305_slab.png
Quartzforms,Forest Betulla 4010,slab,slab-shaped,1950x850,Forest Series\Betulla\Forest_Betulla_4010_gallery02.png
Quartzforms,Forest Garrigue 4020,slab,slab,1950x850,Forest Series\Garrigue\Forest_Garrigue_4020_slab.png
Quartzforms,Forest Magnolia 4015,slab,slab,1950x850,Forest Series\Magnolia\Forest_Magnolia_4015_slab.png
Quartzforms,Forest Sequoia 4025,slab,slab-shaped,1100x550,sample colours web 2026\Forest Sequoia 4025 by Quartzforms.webp
Quartzforms,Forest Sughero 4005,slab,slab,1950x850,Forest Series\Sughero\Forest_Sughero_4005_slab.png
Quartzforms,Forest Taj 4030,slab,slab,1950x850,Forest Series\Taj\Forest_Taj_4030_slab.png
Quartzforms,Fossil Ammonite 855,slab,slab,1950x850,Fossil Series\Fossil Ammonite\Fossil_Ammonite_855_slab.png
Quartzforms,Fossil Jet 870,slab,slab,1950x850,Fossil Series\Fossil Jet\Fossil_Jet_870_slab.png
Quartzforms,Fossil Nacre 860,slab,slab,1950x850,Fossil Series\Fossil Nacre\Fossil_Nacre_860_slab.png
Quartzforms,Fossil Nautilus 850,slab,slab,1950x850,Fossil Series\Fossil Nautilus\Fossil_Nautilus_850_slab.png
Quartzforms,Fossil Seashell 865,slab,slab,1950x850,Fossil Series\Fossil Seashell\Fossil_Seashell_865_slab.png
Quartzforms,Imperial Caramel 930,slab,slab,10000x4590,Imperial Series\Imperial Caramel\Imperial_Caramel_930_slab.jpg
Quartzforms,Imperial Cherry Beige 935,slab,slab,10000x4590,Imperial Series\Imperial Cherry Beige\Imperial_Cherry_Beige_935_slab.jpg
Quartzforms,Imperial Dolphin Grey 940,slab,slab,10000x4590,Imperial Series\Imperial Dolphin Grey\Imperial_Dolphin_Grey_940_slab.jpg
Quartzforms,Imperial Gold 960,slab,slab,1950x850,Imperial Series\Imperial Gold\Imperial_Gold_960_slab.png
Quartzforms,Imperial Meringa 945,slab,slab,10000x4590,Imperial Series\Imperial Meringa\Imperial_Meringa_945_slab.jpg
Quartzforms,Imperial White 955,slab,slab,10000x4590,Imperial Series\Imperial White\Imperial_White_955_slab.jpg
Quartzforms,Lavic Black 590,slab,slab,10000x4589,Lavic Series\Lavic Black\Lavic_Black_590_slab.jpg
Quartzforms,Lavic Navajo 4545,slab,slab,10000x4590,Lavic Series\Lavic navajo\Lavic_Navajo_4545_slab.JPG
Quartzforms,MA Beige 100,slab,slab,1950x850,MA Series\MA Beige\MA Beige 100 by Quartzforms  full slab image.jpg
Quartzforms,MA Grey 101,slab,slab,10000x4590,MA Series\MA Grey\Ma_Grey_101_slab.jpg
Quartzforms,MA White 102,slab,slab,10000x4590,MA Series\MA White\Ma_White_102_slab.jpg
Quartzforms,Madreterra Dune 7010,slab,slab-shaped,1950x850,Madreterra Series\Dune\Madreterra_Dune_7010_Main_01.png
Quartzforms,Madreterra Isola 7015,slab,slab-shaped,1950x850,Madreterra Series\Isola\Madreterra_Isola_7015_Main_01.png
Quartzforms,Madreterra Luce 7005,slab,slab-shaped,1950x850,Madreterra Series\Luce\Madreterra_Luce_7005_Main_01.png
Quartzforms,Madreterra Ombra 7020,slab,slab-shaped,1950x850,Madreterra Series\Ombra\Madreterra_Ombra_7020_Main_01.png
Quartzforms,New Era Atlantis 6225,slab,slab,1950x850,New Era Series\Atlantis\New_Era_Atlantis_6225_slab.png
Quartzforms,New Era Avalon 6255,slab,slab-shaped,1950x850,New Era Series\Avalon\Ecotone_New_Era_Avalon_6255_gallery01.png
Quartzforms,New Era Crono 6240,slab,slab,1950x850,New Era Series\Crono\Ecotone_New_Era_Crono_6240_slab.png
Quartzforms,New Era Flamingo 6250,slab,slab-shaped,1950x850,New Era Series\Flamingo\Ecotone_New_Era_Flamingo_6250_gallery01.png
Quartzforms,New Era Gold 6215,slab,slab,1950x850,New Era Series\Gold\Ecotone_New_Era_Gold_6215_slab.png
Quartzforms,New Era Lasa 6230,slab,slab,1950x850,New Era Series\Lasa\Ecotone_New_Era_Lasa_6230_slab.png
Quartzforms,New Era Mahal 6220,slab,slab,1950x850,New Era Series\Mahal\Ecotone_New_Era_Mahal_6220_slab.png
Quartzforms,New Era Mystic 6210,slab,slab,1950x850,New Era Series\Mystic\New_Era_Mystic_6210_slab.png
Quartzforms,New Era Nirvana 6205,slab,slab,1950x850,New Era Series\Nirvana\New_Era_Nirvana_6205_slab.png
Quartzforms,New Era Poseidon 6235,slab,slab,1950x850,New Era Series\Poseidon\Ecotone_New_Era_Poseidon_6235_slab.png
Quartzforms,New Era Sienna 6260,slab,slab-shaped,1950x850,New Era Series\Sienna\Ecotone_New_Era_Sienna_6260_gallery01.png
Quartzforms,New Era Sunrise 6245,slab,slab-shaped,1950x850,New Era Series\Sunrise\Ecotone_New_Era_Sunrise_6245_gallery01.png
Quartzforms,Ocean Arctic 5010,slab,slab,1950x850,Ocean series\Ocean Arctic\Ocean_Arctic_5010_slab.png
Quartzforms,Ocean Lagoon 5015,slab,slab,1950x850,Ocean series\Ocean Lagoon\Ocean_Lagoon_5015_slab.png
Quartzforms,Ocean Midnight 5005,slab,slab,1950x850,Ocean series\Ocean Midnight\Ocean_Midnight_5005_slab.png
Quartzforms,Ocean Reef 5020,slab,slab,1950x850,Ocean series\Ocean Reef\Ocean_Reef_5020_slab.png
Quartzforms,Pebble Black 105,slab,slab,10000x4590,Pebble Series\Pebble Black\Pebble_Black_105_slab.jpg
Quartzforms,Pebble Cappuccino 115,slab,slab,5282x2426,Pebble Series\Pebble Cappuccino\Pebble_Cappuccino_115_slab.jpg
Quartzforms,Pebble Dark Grey 120,slab,slab,5282x2426,Pebble Series\Pebble Dark Grey\Pebble_Dark_Grey_120_slab.jpg
Quartzforms,Planet Blue Moon 2045,slab,slab,1950x850,Planet Series\Planet Blue Moon\Planet_Blue Moon_2045_slab.png
Quartzforms,Planet Halley 3015,slab,slab,10000x5125,Planet Series\Planet Halley\Planet_Halley_3015_slab.jpg
Quartzforms,Planet Honey Galaxy 3005,slab,slab,10000x5125,Planet Series\Honey Galaxy\Planet_Honey_Galaxy_3005_slab.JPG
Quartzforms,Planet Interstellar Cloud 2035,slab,slab,3000x1538,Planet Series\Interstellar Cloud\Planet_Interstellar_Cloud_2035_slab by quartzforms.jpg
Quartzforms,Planet Interstellar Gold 2050,slab,slab,3000x1538,Planet Series\Interstellar Cloud\Planet_Interstellar_Cloud_2035_slab by quartzforms.jpg
Quartzforms,Planet Jupiter 2020,slab,slab,10000x5125,Planet Series\Planet Jupiter\Planet_Jupiter_2020_slab.JPG
Quartzforms,Planet Mars 2010,slab,slab,1950x850,Planet Series\Planet Mars\Planet_Mars_2010_ by Quartzforms  full slab image.jpg
Quartzforms,Planet Mercury 2001,slab,slab,10000x5125,Planet Series\Planet Mercury\Planet_Mercury_2001_slab.jpg
Quartzforms,Planet Neptune 2025,slab,slab,10000x5125,Planet Series\Planet Neptune\Planet_Neptune_2025_slab.jpg
Quartzforms,Planet Pluto 2030,slab,slab,10000x5125,Planet Series\Planet Pluto\Planet_Pluto_2030_slab.jpg
Quartzforms,Planet Saturn 2015,slab,slab,10000x5125,Planet Series\Planet Saturn\Planet_Saturn_2015_slab.JPG
Quartzforms,Planet Tempel 3020,slab,slab,1950x850,Planet Series\Planet Tempel\Planet_Tempel_3020_slab.png
Quartzforms,Planet Venus 2005,slab,slab,10000x5125,Planet Series\Planet Venus\Planet_Venus_2005_slab.jpg
Quartzforms,QF Ash Grey 535,slab,slab,10000x4590,QF Series\QF Ash Grey\Qf_Ash_Grey_535_slab.jpg
Quartzforms,QF Black 525,slab,slab,1950x850,QF Series\QF Black\QF_Black-525 by Quartzforms full slab.jpg
Quartzforms,QF Dark Grey 515,slab,slab,10000x4590,QF Series\QF Dark Grey\Qf_Dark_Grey_515_slab.jpg
Quartzforms,QF Light Beige 520,slab,slab,10000x4590,QF Series\QF Light Beige\Qf_Light_Beige_520_slab.jpg
Quartzforms,QF Light Grey 125,slab,slab,10000x4590,QF Series\QF Light Grey\Qf_Light_Grey_510_slab.jpg
Quartzforms,QF Light Grey 510,slab,slab,10000x4590,QF Series\QF Light Grey\Qf_Light_Grey_510_slab.jpg
Quartzforms,QF White 505,slab,slab,10000x4590,QF Series\QF White\Qf_White_505_slab.jpg
Quartzforms,Spacco Black 465,slab,slab,1950x850,Spacco Series\Black\Spacco_Black_465_slab.png
Quartzforms,Spacco White 450,slab,slab-shaped,1950x850,Spacco Series\White\Spacco_White_450_gallery01.webp
Quartzforms,Terrazzo Casanova 235,slab,slab-shaped,1950x850,Terrazzo Series\Casanova\Terrazzo_Casanova_235_ 305x140.png
Quartzforms,Terrazzo Doge 240,slab,slab-shaped,1950x850,Terrazzo Series\Doge\Terrazzo_Doge_240_305x140.png
Quartzforms,Terrazzo Fenice 225,slab,slab-shaped,1950x850,Terrazzo Series\Fenice\Terrazzo_Fenice_ 225_305x140.png
Quartzforms,Terrazzo Goldoni 230,slab,slab-shaped,1950x850,Terrazzo Series\Goldoni\Terrazzo_Goldoni_230_305x140.png
Quartzforms,Terrazzo Gritti 220,slab,slab-shaped,1950x850,Terrazzo Series\Gritti\Terrazzo_Gritti_220_305x140.png
Quartzforms,Twinkle Black 340,slab,slab,5282x2426,Twinkle series\Twinkle Black\Twinkle_Black_340_slab.jpg
Quartzforms,Twinkle Grey 335,slab,slab,10000x4590,Twinkle series\Twinkle Grey\Twinkle_Grey_335_slab.jpg
Quartzforms,Twinkle White 345,slab,slab,10000x4590,Twinkle series\Twinkle White\Twinkle_White_345_slab.jpg
Quartzforms,Veined Africa 900,slab,slab,10000x4590,Veined series\Veined Africa\Veined_Africa_900_slab.jpg
Quartzforms,Veined Baroque 905,slab,slab,10000x4590,Veined series\Veined Braoque\Veined_Baroque_905_slab.jpg
Quartzforms,Veined Bernini 925,slab,slab,1950x850,Veined series\Veined Bernini\Veined_Bernini_925 by Quartzforms full slab image.jpg
Quartzforms,Veined Canova 927,slab,slab,10000x5125,Veined series\Veined Canova\Veined_Canova_927_slab.jpg
Quartzforms,Veined Deco 915,slab,slab,10000x4590,Veined series\Veined Deco\Veined_Deco_915_slab.jpg
Quartzforms,Veined Michelangelo 920,slab,slab,10000x4590,Veined series\Veined Michelangelo\Veined_Michelangelo_920_slab.jpg
Cosentino Silestone,Alpina White 08,slab,slab-shaped,1100x550,ZZ - Discontinued 25\Aplina White\Alpina White by Silestone.jpg
Cosentino Silestone,Arcilla Red,slab,slab,1500x719,ZZ - Discontinued 25\Arcilla Red\Color\Silestone Arcilla Red full slab.jpg
Cosentino Silestone,Arden Blue,slab,slab,474x266,ZZ - Discontinued 25\Arden Blue\Arden blue slab image.jpg
Cosentino Silestone,Ariel,slab,slab-shaped,2000x1333,Ariel\Ariel by Silestone Photo.jpg
Cosentino Silestone,Bianco Calacatta,slab,slab-shaped,1100x550,ZZ - Discontinued 25\Bianco calacatta\Bianco calacatta by Silestone.jpg
Cosentino Silestone,Blanc Elysee,slab,slab-shaped,1100x550,Blanc Elysee\Blanc Elysee by Silestone..jpg
Cosentino Silestone,Blanco Maple14,slab,slab-shaped,1100x550,Blanco Maple\Blanco Maple by Silestone..jpg
Cosentino Silestone,Blanco Norte14,slab,slab-shaped,1100x550,Blanco Norte\Blanco Norte by Silestone.jpg
Cosentino Silestone,Blanco Orion,slab,slab-shaped,1100x550,ZZ - Discontinued 25\Blanco orion\Blanco orion by Silestone quartz.jpg
Cosentino Silestone,Blanco Zeus,slab,slab-shaped,1100x550,Blanco Zeus\Blanco Zeus by Silestone.jpg
Cosentino Silestone,Bohemian Flame,slab,slab,1500x712,Bohemian Flame\Bohemian Flame- by silestone- full slab  .jpg
Cosentino Silestone,Brass Relish,slab,slab-shaped,1100x550,Brash Relish\Brass Relish by Silestone.jpg
Cosentino Silestone,Bronze Rivers,NO MATCH,,,
Cosentino Silestone,Cala Blue,slab,slab,1500x711,ZZ - Discontinued 25\Cala Blue\converted\Cala Blue by Silestone Full Slab image.jpg
Cosentino Silestone,Calacatta Tova,slab,slab-shaped,1100x550,ET Calacatta Gold\Eternal Calacatta Gold by Silestone.jpg
Cosentino Silestone,Cemento Spa,slab,slab-shaped,2000x969,ZZ - Discontinued 25\Cemento Spa\Cemento Spa by Silestone sample.jpg
Cosentino Silestone,Charcoal Soapstone,slab,slab-shaped,5000x3333,Charcoal Soapstone\Charcoal Soapstone by Silestone photo.JPG
Cosentino Silestone,Chateau Brown,slab,slab-shaped,1100x550,Chateau Brown\Chateau Brown by Silestone..jpg
Cosentino Silestone,Cinder Craze,slab,slab,2000x1106,Cinder Craze\Cinder Craze by silestone - slab .jpg
Cosentino Silestone,Classic White,slab,slab-shaped,5315x3543,ZZ - Discontinued 25\Classic White\Classic white photo.jpg
Cosentino Silestone,Concrete Pulse,slab,slab-shaped,1100x550,Concrete Pulse\Concrete Pulse by Silestone.jpg
Cosentino Silestone,Coral Clay Colour,slab,slab-shaped,2000x1333,Coral Clay\Coral Clay by Silestone photo.jpg
Cosentino Silestone,Desert Silver,slab,slab-shaped,2000x1331,Desert Silver\Desert Silver by Silestone Sample.jpg
Cosentino Silestone,Et Calacatta Gold,slab,slab-shaped,1100x550,ET Calacatta Gold\Eternal Calacatta Gold by Silestone.jpg
Cosentino Silestone,Et Marfil,slab,slab,1500x652,ET Marfil\ECJ-fullslab.webp
Cosentino Silestone,Et Marquina,slab,slab,2000x871,ET Marquina\3dslab.png
Cosentino Silestone,Et Noir,slab,slab-shaped,2000x1205,ET Noir\Eternal Noir by Silestone Sample.jpg
Cosentino Silestone,Et Statuario,slab,slab-shaped,1100x550,ET Statuario\Eternal Statuario by Silestone.jpg
Cosentino Silestone,Ethereal Dusk,slab,slab,1920x1080,Ethereal Dusk\Ethereal Dusk by Silestone full slab image.jpg
Cosentino Silestone,Ethereal Glow,slab,slab,1920x1080,Ethereal Glow\Ethereal Glow by Silestone full slab image.jpg
Cosentino Silestone,Ethereal Haze,slab,slab,1920x1080,Ethereal Haze\Ethereal Haze by Silestone full slab.jpg
Cosentino Silestone,Ethereal Noctis,slab,slab,1920x1080,Ethereal Noctis\Ethereal Noctis by Silestone full slab.jpg
Cosentino Silestone,Faro White,slab,slab,1500x815,ZZ - Discontinued 25\Faro white\Faro White by Silestone 3d slab.png
Cosentino Silestone,Ffrom01,slab,slab-shaped,1100x550,Earthic Ffrom 01\Earthic Ffrom 01 by Silestone..jpg
Cosentino Silestone,Ffrom02,slab,slab-shaped,1100x550,Earthic Ffrom02\Earthic Ffrom 02 by Silestone..jpg
Cosentino Silestone,Ffrom03,slab,slab-shaped,1100x550,Earthic Ffrom03\Earthic Ffrom 03 by Silestone..jpg
Cosentino Silestone,Gris Expo,slab,slab-shaped,1100x550,Gris expo\Gris Expo by Silestone.jpg
Cosentino Silestone,Halcyon,slab,slab-shaped,1920x1080,Halcyon\Halcyon by Silestone sample.jpg
Cosentino Silestone,Helix,NO MATCH,,,
Cosentino Silestone,Iconic White,slab,slab-shaped,1100x550,ZZ - Discontinued 25\Iconic White\Iconic White by Silestone.jpg
Cosentino Silestone,Ironbark,slab,slab-shaped,938x547,Z-old swatches\Ironbark-by-Silestone.jpg
Cosentino Silestone,Jardin Emerald,slab,slab-shaped,1100x550,Jardin Emerald\Jardin Emerald by Silestone..jpg
Cosentino Silestone,Kensho,slab,slab-shaped,2000x1332,ZZ - Discontinued 25\Kensho\Kensho by silestone photo.jpg
Cosentino Silestone,Lagoon,slab,slab-shaped,1100x550,Lagoon\Lagoon by Silestone.jpg
Cosentino Silestone,Liguria Black Marble,NO MATCH,,,
Cosentino Silestone,Lime Delight,slab,slab,2000x871,Lime delight\3dslab.png
Cosentino Silestone,Linen Cream,slab,slab,2000x966,Linen Cream\slab.jpg
Cosentino Silestone,Lusso,slab,slab-shaped,2000x1333,ZZ - Discontinued 25\Lusso\Lusso by Silestone photo.jpg
Cosentino Silestone,Lyra,slab,slab-shaped,938x547,Z-old swatches\Lyra-by-Silestone.jpg
Cosentino Silestone,Marengo,slab,slab,768x384,Marengo\Marengo slab\marengo slab.webp
Cosentino Silestone,Miami Vena,slab,slab-shaped,1920x1080,Miami Vena\Miami Vena by Silestone sample.jpg
Cosentino Silestone,Miami White17,slab,slab-shaped,2000x1220,Miami White\Maimi White by Silestone sample.jpg
Cosentino Silestone,Motion Grey,slab,slab-shaped,1100x550,Motion Grey\Motion Grey by Silestone..jpg
Cosentino Silestone,Niebla,slab,slab-shaped,938x547,Z-old swatches\Niebla-by-Silestone.jpg
Cosentino Silestone,Night Tebas18,slab,slab-shaped,1636x920,Stellar night\Stellar night by Silestone  photo.jpg
Cosentino Silestone,Nolita23,slab,slab-shaped,1920x1080,Nolita\Nolita by Silestone sample.jpg
Cosentino Silestone,Parisien Bleu,slab,slab-shaped,1100x550,Parisien Blue\Parisien Bleu by Silestone..jpg
Cosentino Silestone,Pearl Jasmine,slab,slab-shaped,938x547,Z-old swatches\Pearl-Jasmine-by-Silestone.jpg
Cosentino Silestone,Persian White,slab,slab,2200x1063,Persian White\240923-bano-persian-white-Full slab.webp
Cosentino Silestone,Poblenou,slab,slab,2000x925,Poblenou\slab.jpg
Cosentino Silestone,Polaris Marble,NO MATCH,,,
Cosentino Silestone,Raw A,slab,slab-shaped,1100x550,Raw A\Raw A by Silestone..jpg
Cosentino Silestone,Raw D,slab,slab-shaped,1100x550,Raw D\Raw D by Silestone..jpg
Cosentino Silestone,Raw G,slab,slab-shaped,1100x550,Raw G\Raw G by Silestone..jpg
Cosentino Silestone,Riviere Rose,slab,slab-shaped,1100x550,Riviere Rose\Riviere Rose by Silestone..jpg
Cosentino Silestone,Romantic Ash,slab,slab,2000x871,Romantic ash\3dslab.png
Cosentino Silestone,Royal Reef,slab,slab-shaped,938x547,Z-old swatches\Royal-Reef-by-Silestone-2.jpg
Cosentino Silestone,Siberian,slab,slab-shaped,1100x550,Siberian Frost\Siberian Frost by Silestone..jpg
Cosentino Silestone,Snowy Ibiza,slab,slab-shaped,1100x550,Snowy Ibiza\Snowy Ibiza by Silestone.jpg
Cosentino Silestone,Stellar Blanco13,slab,slab-shaped,1920x1080,Stellar Blanco\Silestone Stellar Blanco photo.jpg
Cosentino Silestone,Versailles Ivory,slab,slab,10884x5332,Versailles ivory 23\OM2-fullslab.jpg
Cosentino Silestone,Victorian Silver,slab,slab,2000x871,Victorian Silver\3dslab.png
Cosentino Silestone,White Arabesque,slab,slab-shaped,2000x1236,White Arabesque\Silestone White Arabesque sample.jpg
Cosentino Silestone,White Storm14,slab,slab-shaped,1100x550,White Storm\White Storm by Silestone.jpg
B-Stone,Aegean,slab,slab-shaped,2048x1024,Aegean\Aegean.jpg
B-Stone,Albus,NO MATCH,,,
B-Stone,Ambiente Cemento matt,slab,slab-shaped,2048x1105,Ambiente Cemento matt\Ambiente Cemento matt.jpg
B-Stone,Angola Black,NO MATCH,,,
B-Stone,Antique Brown,NO MATCH,,,
B-Stone,Arabescato,slab,slab-shaped,2048x1105,Arabescato Corchia\Arabescato Corchia.jpg
B-Stone,Arabescato Corchia,slab,slab-shaped,2048x1105,Arabescato Corchia\Arabescato Corchia.jpg
B-Stone,Atacama,slab,slab-shaped,2048x1014,Atacama\Atacama.jpg
B-Stone,Bianco Bello,slab,slab-shaped,2048x1107,Bianco Bello\Bianco Bello.jpg
B-Stone,Bianco Carrara C,slab,slab-shaped,2048x1107,Bianco Bello\Bianco Bello.jpg
B-Stone,Bianco Carrara C Extra,slab,slab-shaped,2048x1107,Bianco Bello\Bianco Bello.jpg
B-Stone,Black Cosmic,NO MATCH,,,
B-Stone,Black Sodalite,NO MATCH,,,
B-Stone,Breccia Brown,NO MATCH,,,
B-Stone,Brilliant Ice,closeup-only,square-ish,835x743,Brilliant Ice\Brilliant Ice.png
B-Stone,Calacatta Dorada,slab,slab-shaped,2048x1102,Calacatta Dorada\Calacatta Dorada.jpg
B-Stone,Calacatta Imperial White,slab,slab-shaped,2048x1105,Calacatta Imperial White\Calacatta Imperial White.jpg
B-Stone,Calacatta Mysterio,slab,slab-shaped,2048x1101,Calacatta Mysterio\Calacatta Mysterio.jpg
B-Stone,Calacatta Oro Ligero,slab,slab-shaped,2048x1105,Calacatta Oro Ligero\Calacatta Oro Ligero.jpg
B-Stone,Calacatta Oro Nuovo,slab,slab-shaped,2048x1105,Calacatta Oro Nuovo\Calacatta Oro Nuovo.jpg
B-Stone,Calacatta Royale,slab,slab-shaped,2048x1024,Calacatta Royale\Calacatta Royale.jpg
B-Stone,Calacatta Vagli,slab,slab-shaped,2048x1102,Calacatta Dorada\Calacatta Dorada.jpg
B-Stone,Calacatta Verde,slab,slab-shaped,2048x1102,Calacatta Dorada\Calacatta Dorada.jpg
B-Stone,Carrara Extra,slab,slab-shaped,2048x995,Carrara Extra\Carrara Extra.jpg
B-Stone,Cosmopolitan,NO MATCH,,,
B-Stone,Crema Marfil,NO MATCH,,,
B-Stone,Dark Cemento matt,slab,slab-shaped,2048x1105,Dark Cemento matt\Dark Cemento matt.jpg
B-Stone,Emperador Beige,NO MATCH,,,
B-Stone,Emperador Dark,NO MATCH,,,
B-Stone,Emperador Grey,NO MATCH,,,
B-Stone,Emperador Light,NO MATCH,,,
B-Stone,Euphoria Green,NO MATCH,,,
B-Stone,Excalibur,NO MATCH,,,
B-Stone,Fior Di Bosco,NO MATCH,,,
B-Stone,Florentine,slab,slab-shaped,2048x1105,Florentine\Florentine.jpg
B-Stone,Glacier White,slab,slab-shaped,2048x1105,Glacier White\Glacier White.jpg
B-Stone,Grigio Venato,slab,slab-shaped,2048x995,Grigio Venato - 20mm only\Grigio Venato - 20mm only.jpg
B-Stone,J’adore,NO MATCH,,,
B-Stone,Macaubus White,NO MATCH,,,
B-Stone,Macchia Gold,NO MATCH,,,
B-Stone,Malachite,NO MATCH,,,
B-Stone,Marinace Black,NO MATCH,,,
B-Stone,Marinace Green,NO MATCH,,,
B-Stone,Marinace Red,NO MATCH,,,
B-Stone,Nero Cosmos (Stargate),NO MATCH,,,
B-Stone,Nilas,slab,slab-shaped,2048x932,Nilas - NEW\Nilas - NEW.png
B-Stone,Ombra Di Caravaggio,NO MATCH,,,
B-Stone,Oro Venato,slab,slab-shaped,2048x1000,Oro Venato - 20mm only\Oro Venato - 20mm only.jpg
B-Stone,Orobico Grigio,NO MATCH,,,
B-Stone,Orobico Rosso,NO MATCH,,,
B-Stone,Patagonia White,NO MATCH,,,
B-Stone,Piracema,NO MATCH,,,
B-Stone,Pure Black,NO MATCH,,,
B-Stone,Quartzite Black,NO MATCH,,,
B-Stone,Quartzite Cosmos,NO MATCH,,,
B-Stone,Rosso Levanto,NO MATCH,,,
B-Stone,Snowflake,NO MATCH,,,
B-Stone,Star Galaxy,NO MATCH,,,
B-Stone,Starlight,NO MATCH,,,
B-Stone,Steel Grey,NO MATCH,,,
B-Stone,Tempest Blue,NO MATCH,,,
B-Stone,Thunder White,NO MATCH,,,
B-Stone,Tribeca,slab,slab-shaped,2048x1026,Tribeca\Tribeca.jpg
B-Stone,Veridian,slab,slab-shaped,2048x1024,Veridian\Veridian.jpg
B-Stone,Volcanic Cemento matt,slab,slab-shaped,2048x1105,Volcanic Cemento matt\Volcanic Cemento matt.jpg
B-Stone,White Fantasy (Super White),slab,slab-shaped,2048x1105,Calacatta Imperial White\Calacatta Imperial White.jpg
B-Stone,Yuma,slab,slab-shaped,2048x1023,Yuma matt\Yuma matt.jpg
B-Stone,Yuma matt,slab,slab-shaped,2048x1023,Yuma matt\Yuma matt.jpg
Bloomstones,Absolute Black,NO MATCH,,,
Bloomstones,Absolute Black Extra,NO MATCH,,,
Bloomstones,Alabasta,NO MATCH,,,
Bloomstones,Amaranth,closeup-only,unclear,4032x3024,Amaranth\Sample Finch's.jpg
Bloomstones,Amasia,NO MATCH,,,
Bloomstones,Arabescato Bianco,NO MATCH,,,
Bloomstones,Arctic Wave,NO MATCH,,,
Bloomstones,Atlantis Smoke,NO MATCH,,,
Bloomstones,Aurora Beige,NO MATCH,,,
Bloomstones,Azul Palomino,NO MATCH,,,
Bloomstones,Azzurite,NO MATCH,,,
Bloomstones,Base Ash,NO MATCH,,,
Bloomstones,Bayside,NO MATCH,,,
Bloomstones,Bianco Arizona,slab,slab-shaped,3872x1963,Bianco Arizona\Bianco Arizona 3.jpg
Bloomstones,Bianco Calacatta,slab,slab-shaped,3872x1963,Bianco Arizona\Bianco Arizona 3.jpg
Bloomstones,Bianco Galaxy,slab,slab-shaped,3872x1963,Bianco Arizona\Bianco Arizona 3.jpg
Bloomstones,Bianco Glitter,slab,slab-shaped,3872x1963,Bianco Arizona\Bianco Arizona 3.jpg
Bloomstones,Bianco Macaubus,slab,slab-shaped,3872x1963,Bianco Arizona\Bianco Arizona 3.jpg
Bloomstones,Bianco Merino,slab,slab-shaped,3872x1963,Bianco Arizona\Bianco Arizona 3.jpg
Bloomstones,Bianco Royale,slab,slab-shaped,3872x1963,Bianco Arizona\Bianco Arizona 3.jpg
Bloomstones,Bianco Sparkle,slab,slab-shaped,3872x1963,Bianco Arizona\Bianco Arizona 3.jpg
Bloomstones,Bianco Statuario,slab,slab-shaped,3872x1963,Bianco Arizona\Bianco Arizona 3.jpg
Bloomstones,Bianco Vagli,slab,slab-shaped,3872x1963,Bianco Arizona\Bianco Arizona 3.jpg
Bloomstones,Bianco White,slab,slab-shaped,3872x1963,Bianco Arizona\Bianco Arizona 3.jpg
Bloomstones,Black Forest,NO MATCH,,,
Bloomstones,Black Galaxy,NO MATCH,,,
Bloomstones,Black Marinace,NO MATCH,,,
Bloomstones,Black Mist,NO MATCH,,,
Bloomstones,Black Pearl,NO MATCH,,,
Bloomstones,Blue Agate,NO MATCH,,,
Bloomstones,Blue Pearl Classic,NO MATCH,,,
Bloomstones,Blue Pearl GT,NO MATCH,,,
Bloomstones,Blue Roma,NO MATCH,,,
Bloomstones,Blue Sparkle,NO MATCH,,,
Bloomstones,Blues In The Night,NO MATCH,,,
Bloomstones,Bora Bora,NO MATCH,,,
Bloomstones,Breccia Gold,NO MATCH,,,
Bloomstones,Calacatta Aurelia,NO MATCH,,,
Bloomstones,Calacatta Borghini,NO MATCH,,,
Bloomstones,Calacatta Classico,NO MATCH,,,
Bloomstones,Calacatta Glacier,NO MATCH,,,
Bloomstones,Calacatta Gold,NO MATCH,,,
Bloomstones,Calacatta Gold X,NO MATCH,,,
Bloomstones,Calacatta Grey,NO MATCH,,,
Bloomstones,Calacatta Lusso,NO MATCH,,,
Bloomstones,Calacatta Macchia Vecchia,NO MATCH,,,
Bloomstones,Calacatta Michaelangelo,NO MATCH,,,
Bloomstones,Calacatta Nile,NO MATCH,,,
Bloomstones,Calacatta Oro,NO MATCH,,,
Bloomstones,Calacatta Panda,NO MATCH,,,
Bloomstones,Calacatta Ragno,NO MATCH,,,
Bloomstones,Calacatta Royale,NO MATCH,,,
Bloomstones,Calacatta Vena,NO MATCH,,,
Bloomstones,Calacatta Verde,NO MATCH,,,
Bloomstones,Calacatta Viola,NO MATCH,,,
Bloomstones,Carrara Dove,NO MATCH,,,
Bloomstones,Carrara Extra,NO MATCH,,,
Bloomstones,Carrara Glacier,NO MATCH,,,
Bloomstones,Carrara Gold,NO MATCH,,,
Bloomstones,Carrara Luni,NO MATCH,,,
Bloomstones,Chateau De Blanc,NO MATCH,,,
Bloomstones,Concreto Light,NO MATCH,,,
Bloomstones,Copa Black,NO MATCH,,,
Bloomstones,Cosmic Black,NO MATCH,,,
Bloomstones,Cosmic White,NO MATCH,,,
Bloomstones,Crema Ice,NO MATCH,,,
Bloomstones,Crema Travertine,NO MATCH,,,
Bloomstones,Cristallo Extra,NO MATCH,,,
Bloomstones,Cristallo Grigio,NO MATCH,,,
Bloomstones,Crystallo Pink,NO MATCH,,,
Bloomstones,Crystallo White,NO MATCH,,,
Bloomstones,Crytos,NO MATCH,,,
Bloomstones,Dallas Light,NO MATCH,,,
Bloomstones,Danube,NO MATCH,,,
Bloomstones,Dublin,NO MATCH,,,
Bloomstones,Elysium,NO MATCH,,,
Bloomstones,Emerald Pearl,NO MATCH,,,
Bloomstones,Emperador Brown,NO MATCH,,,
Bloomstones,Empire Grey,NO MATCH,,,
Bloomstones,Everest,NO MATCH,,,
Bloomstones,Excalibur,NO MATCH,,,
Bloomstones,Explosion Blue,NO MATCH,,,
Bloomstones,Fantasy Brown,NO MATCH,,,
Bloomstones,Fusion Green,NO MATCH,,,
Bloomstones,Fusion White,NO MATCH,,,
Bloomstones,Giallo Veneziano,NO MATCH,,,
Bloomstones,Glacial Rift,NO MATCH,,,
Bloomstones,Gold Cream,NO MATCH,,,
Bloomstones,Grigio Siena,NO MATCH,,,
Bloomstones,Grigio Sparkle Dark,NO MATCH,,,
Bloomstones,Grigio Sparkle Light,NO MATCH,,,
Bloomstones,Ice Jade,NO MATCH,,,
Bloomstones,Ijen Crystal,NO MATCH,,,
Bloomstones,Infinity Black,NO MATCH,,,
Bloomstones,Invisible Pearl,NO MATCH,,,
Bloomstones,Iron Grey,NO MATCH,,,
Bloomstones,Jadore,NO MATCH,,,
Bloomstones,Kasha,NO MATCH,,,
Bloomstones,Klitkin,NO MATCH,,,
Bloomstones,Labradorite,NO MATCH,,,
Bloomstones,Lavender Blue,NO MATCH,,,
Bloomstones,Lea White,NO MATCH,,,
Bloomstones,Lilac Grey,NO MATCH,,,
Bloomstones,Limestone Cream,NO MATCH,,,
Bloomstones,Limestone Greige,NO MATCH,,,
Bloomstones,Lincoln,NO MATCH,,,
Bloomstones,Liquid Black,NO MATCH,,,
Bloomstones,Liquid Grey,NO MATCH,,,
Bloomstones,Luxury White,NO MATCH,,,
Bloomstones,Malbec,NO MATCH,,,
Bloomstones,Manhattan,NO MATCH,,,
Bloomstones,Marquina Select,NO MATCH,,,
Bloomstones,Midnight Crystal,NO MATCH,,,
Bloomstones,Milano Grey,NO MATCH,,,
Bloomstones,Moldavite Crystal,NO MATCH,,,
Bloomstones,Moon Wash Grey,NO MATCH,,,
Bloomstones,Morganton,slab,slab,854x433,Morganton\Morganton Slab Photo.jpg
Bloomstones,Native Fog,NO MATCH,,,
Bloomstones,Natural Taj Mahal,NO MATCH,,,
Bloomstones,Nero Assoluto,NO MATCH,,,
Bloomstones,Nero Sparkle,NO MATCH,,,
Bloomstones,Nevada,NO MATCH,,,
Bloomstones,New Carrara,NO MATCH,,,
Bloomstones,Nuage Fusion,NO MATCH,,,
Bloomstones,Ocean Blue,NO MATCH,,,
Bloomstones,Onice,NO MATCH,,,
Bloomstones,Onix Turqoise Plus,NO MATCH,,,
Bloomstones,Orkney White,NO MATCH,,,
Bloomstones,Oro Extra,NO MATCH,,,
Bloomstones,Pablo,NO MATCH,,,
Bloomstones,Patagonia,NO MATCH,,,
Bloomstones,Patagonia Rose,NO MATCH,,,
Bloomstones,Pegasus Gold,NO MATCH,,,
Bloomstones,Perla Gold,NO MATCH,,,
Bloomstones,Perola,slab,slab-shaped,3416x1732,Perola -Taj Mahal\3e3672_afdf2178316c41b9a0e191eaffc18697-mv2 (1).jpg
Bloomstones,Piasentina Mud,NO MATCH,,,
Bloomstones,Pietra Grey,NO MATCH,,,
Bloomstones,Piracema White,NO MATCH,,,
Bloomstones,Pirenei Ecru,NO MATCH,,,
Bloomstones,Pirenei Grey,NO MATCH,,,
Bloomstones,Polaris,NO MATCH,,,
Bloomstones,Polaris Gold,NO MATCH,,,
Bloomstones,Port Gold,NO MATCH,,,
Bloomstones,Precious Black,NO MATCH,,,
Bloomstones,Red Sparkle,NO MATCH,,,
Bloomstones,Sensa Taj Mahal,NO MATCH,,,
Bloomstones,Silver Pearl,NO MATCH,,,
Bloomstones,Silver Shadow,NO MATCH,,,
Bloomstones,Snow X,NO MATCH,,,
Bloomstones,Snowdon,NO MATCH,,,
Bloomstones,Sodalite Nera,NO MATCH,,,
Bloomstones,Statuario Fantastico,slab,slab-shaped,1024x545,Statuario gold\Statuario gold.jpg
Bloomstones,Statuario Gold,slab,slab-shaped,1024x545,Statuario gold\Statuario gold.jpg
Bloomstones,Statuario Light,slab,slab-shaped,1024x545,Statuario gold\Statuario gold.jpg
Bloomstones,Statuario Premium,slab,slab-shaped,1024x545,Statuario gold\Statuario gold.jpg
Bloomstones,Statuario Versilia,slab,slab-shaped,1024x545,Statuario gold\Statuario gold.jpg
Bloomstones,Steel Grey,NO MATCH,,,
Bloomstones,Steel Grey Aligator,NO MATCH,,,
Bloomstones,Stratus Blue,NO MATCH,,,
Bloomstones,Taj Mahal,slab,slab-shaped,3416x1732,Perola -Taj Mahal\3e3672_afdf2178316c41b9a0e191eaffc18697-mv2 (1).jpg
Bloomstones,Taj Mahal (Printed Quartz),slab,slab-shaped,3416x1732,Perola -Taj Mahal\3e3672_afdf2178316c41b9a0e191eaffc18697-mv2 (1).jpg
Bloomstones,Taj Velvet Cascade,NO MATCH,,,
Bloomstones,Titan Gold,NO MATCH,,,
Bloomstones,Titanium,NO MATCH,,,
Bloomstones,Titanium / Cosmic Black,NO MATCH,,,
Bloomstones,Titanium Black,NO MATCH,,,
Bloomstones,Touramaline,NO MATCH,,,
Bloomstones,Trani Beige,NO MATCH,,,
Bloomstones,Venus Gold,NO MATCH,,,
Bloomstones,Via Lactea,NO MATCH,,,
Bloomstones,Vintage Stone Fog,NO MATCH,,,
Bloomstones,Viola,slab,slab,2767x1390,Viola Leathered\Viola Leathered Full Slab.jpg
Bloomstones,Volga Blue Extra / Spectrolite,NO MATCH,,,
Bloomstones,Wakanda,NO MATCH,,,
Bloomstones,Windermere,NO MATCH,,,
BQS,Arctic,slab,slab,1920x1080,BQS Arctic\slab image.webp
BQS,Aurora Dune,slab,slab-shaped,1920x960,BQS Aurora Dune\Aurora Dune BQS_QSAUDU_1920.png
BQS,Avanza,NO MATCH,,,
BQS,Beige Mirrorlux,slab,slab-shaped,1920x1080,BQS Beige Mirrorlux\Beige Mirrorlux_QSBELX_1920x1080_OK.png
BQS,Bianco Fontana,slab,slab-shaped,1920x952,BQS Bianco Fontana\Bianco Fontana BQS_QSBIFO_1920_OK.png
BQS,Blanco Mist,slab,slab-shaped,1920x951,BQS Blanco Mist\Blanco Mist_QSUWCC_1920.png
BQS,Calacatta Aurora,slab,slab-shaped,1920x960,BQS Calacatta Aurora NEW\Calacatta Aureate BQS_QSCAAU_1920.png
BQS,Calacatta Forte,slab,slab,1920x951,BQS Calacatta Forte\Calacatta Forte slab.jpg
BQS,Calacatta Viola,slab,slab,1920x960,BQS Calacatta Viola Violet\Calacatta Viola Violet by BQS slab.jpg
BQS,Canaletto,slab,slab-shaped,1920x947,BQS Canaletto\Canaletto BQS_QSCANAL_1920_OK.png
BQS,Capri,slab,slab-shaped,1920x1280,BQS Capri\BQS-Capri-US211007-41305-145203.jpg
BQS,Gracious,slab,slab-shaped,1920x1080,BQS Gracious\Gracious_QSGRAC_1920x1080_OK.png
BQS,Grey Mirrorlux,slab,slab-shaped,1920x994,BQS Grey Mirrorlux\Grey Mirrorlux BQS_QSGRLX_1920_OK.png
BQS,Grey Shimmer,slab,slab-shaped,1920x1080,BQS Grey Shimmer\Grey Shimmer BQS_QSGRSH_1920x1080.png
BQS,Lumen Ice,slab,slab-shaped,1920x960,BQS Lumen Ice NEW\Lumen Ice BQS_QSLUIC_1920.png
BQS,Midas Gold,slab,slab-shaped,1920x957,BQS Midas Gold\Midas Gold BQS_QSUCAL_1920.png
BQS,Rapture,slab,slab-shaped,1920x952,BQS Rapture\Rapture BQS_QSRAPT_1920_OK.png
BQS,Roma,slab,slab-shaped,1920x937,BQS Roma\Roma BQS_QSROMA_1920_OK.png
BQS,Siberia,slab,slab-shaped,1920x957,brachot-Designs BQS UK\Siberia BQS_QSSIBE.png
BQS,Statuario Gold,slab,slab-shaped,2160x1080,BQS Statuario Gold\Statuario Gold BQS_QSSTGO_1920.png
BQS,Statuario Grey,slab,slab-shaped,2160x1080,BQS Statuario Grey\Statuario Grey BQS_QSSTGR_1920.png
BQS,Super White Plus,slab,slab-shaped,1920x954,BQS Super White Plus\Super White Plus BQS_QSSWHP_1920_OK.png
BQS,Taj Mahal,slab,slab,1920x949,BQS Taj Mahal\Taj Mahal by BQS  slab.jpg
BQS,White Almond,slab,slab-shaped,1920x1080,BQS White Almond\White Almond_QSWHAL_1920x1080_OK.png
BQS,White Mirrorlux,slab,slab-shaped,1920x960,BQS White Mirrorlux\White Mirrorlux BQS_QSWHLX_1920_OK.png
BQS,White Shimmer,slab,slab-shaped,1920x950,BQS White Shimmer\White Shimmer BQS_QSWHSH_1920_OK.png
Caesarstone,Alpine Mist,slab,slab-shaped,3840x1812,5110 Alpine Mist\5110_AlpineMist_FULL_sRGB_05012025_3840X1812.jpg
Caesarstone,Ambketta,NO MATCH,,,
Caesarstone,Andes Trail,slab,slab-shaped,1100x550,8250 Andes trail\Addes Trail by Caesarstone copy.jpg
Caesarstone,Auralux,NO MATCH,,,
Caesarstone,Brillianza,slab,slab-shaped,3840x1812,5310 Brillianza\5310_Brillianza_FULL_3840X1812_200323-1.jpg
Caesarstone,Calacatta Dreamwave,slab,slab-shaped,3840x1812,5105 Calacatta Dreamwave\5105_CalacattaDreamwave_FULL_3840X1812_081124-copy.jpg
Caesarstone,Calacatta Nectar,slab,slab-shaped,3840x1812,5116 Calacatta Nectar\5116_CalacattaNectar_FULL_3840X1812_RGB_181223.jpg
Caesarstone,Calacatta Stillstorm,slab,slab-shaped,3840x1812,5115 Calacatta Stillstorm\5115_CalacattaStillstorm_FULL_3840X1812_RGB_181223.jpg
Caesarstone,Calacatta Thyme,slab,slab-shaped,3840x1812,8104 Calacatta Thyme\8104_CalacattaThyme_FULL_3840X1812_rgb_18112025-copy.jpg
Caesarstone,Dolcivo,NO MATCH,,,
Caesarstone,Dreamy Carrara,slab,slab-shaped,3840x1812,5140 Dreamy Carrara\5140_DreamyCarrara_FULL_3840X1812_sRGB_090123.jpg
Caesarstone,Fossillia,NO MATCH,,,
Caesarstone,Frozen Terra,slab,slab,4300x2419,4601 Frozen Terra\4601_Frozen-Terra_Full_Slab-1.jpg
Caesarstone,Impernia,NO MATCH,,,
Caesarstone,Isobellia,NO MATCH,,,
Caesarstone,Lucillia,NO MATCH,,,
Caesarstone,Lunar Frost,slab,slab-shaped,3840x1812,5444 Lunar Frost\5444_LunarFrost_FULL_3840X1812_RGB_120325-copy.jpg
Caesarstone,Marbannova,NO MATCH,,,
Caesarstone,Marenstone,NO MATCH,,,
Caesarstone,Moonflow,slab,slab-shaped,3840x1812,8151 Moonflow\8151_Moonflow_FULL_3840X1812_sRGB_190325-copy.jpg
Caesarstone,Mosstone,NO MATCH,,,
Caesarstone,Ocean Sage,slab,slab-shaped,3840x1812,8477 Ocean Sage\8477_OceanSage_FULL_3840X1812_sRGB_190325-copy.jpg
Caesarstone,Onyxa,NO MATCH,,,
Caesarstone,Pebble,slab,slab,3840x1812,4030 Pebble\4030_Pebble-_-Oyster_4030_Full_Slab3840X1812.jpg
Caesarstone,Riverlet,slab,slab,3840x1812,1001 Riverlet\1001_Riverlet_1001_Riverlet_1001_full_slab_3840X1812_jpg.jpg
Caesarstone,Sedara,slab,slab-shaped,1100x550,8250 Sedara\Sedara by Caesarstone copy.jpg
Caesarstone,Silvax,NO MATCH,,,
Caesarstone,Solenna,slab,slab-shaped,3840x1812,5113 Solenna\5113_Solenna_FULL_3840X1812_sRGB_090123.jpg
Caesarstone,Taj Royale,slab,slab-shaped,3840x1812,5212 Taj Royale\5212_TajRoyale_FULL_sRGB_270225_3840X1812.jpg
Caesarstone,Travina,NO MATCH,,,
Caesarstone,Turbine Grey,slab,slab-shaped,3840x1812,6313 Turbine Grey\6313_Turbine-Grey_6313_TurbineGrey_FULL_3840x1812_sRGB_081122.jpg
Caesarstone,Wyndigo,slab,slab,3840x1812,1002 Wyndigo\1002_Wyndigo_1002_Wyndigo_1002_full_slab_N_3840X1812_jpg.jpg
Caesarstone,Ambketta,NO MATCH,,,
Caesarstone,Auralux,NO MATCH,,,
Caesarstone,Dolcivo,NO MATCH,,,
Caesarstone,Fossillia,NO MATCH,,,
Caesarstone,Impernia,NO MATCH,,,
Caesarstone,Isobellia,NO MATCH,,,
Caesarstone,Lucillia,NO MATCH,,,
Caesarstone,Marbannova,NO MATCH,,,
Caesarstone,Marenstone,NO MATCH,,,
Caesarstone,Mosstone,NO MATCH,,,
Caesarstone,Onyxa,NO MATCH,,,
Caesarstone,Silvax,NO MATCH,,,
Caesarstone,Travina,NO MATCH,,,
Compac,Absolute Blanc,slab,slab-shaped,1100x550,Absolute Blanc by COMPAC.webp
Compac,Alaska,slab,slab-shaped,1100x550,Alaska by COMPAC.webp
Compac,Arena,slab,slab-shaped,1100x550,Arena by COMPAC.webp
Compac,Carrara,slab,slab-shaped,1100x550,Carrara by COMPAC.webp
Compac,Ceniza,slab,slab-shaped,1100x550,Ceniza by COMPAC.webp
Compac,Elegance Michelangelo,slab,slab-shaped,1100x550,Elegance Michelangelo by COMPAC.webp
Compac,Glaciar,slab,slab-shaped,1100x550,Glaciar by COMPAC.webp
Compac,HPS Petra Lioz Zero,NO MATCH,,,
Compac,Ice Black Zero,slab,slab-shaped,1100x550,Ice Black by COMPAC.webp
Compac,Ice Gold,slab,slab-shaped,1100x550,Ice Gold by COMPAC.webp
Compac,Ice Green,slab,slab-shaped,1100x550,Ice Green by COMPAC.webp
Compac,Ice Max Black Zero,slab,slab-shaped,1100x550,Ice Max Black by COMPAC.webp
Compac,Ice Max Pure,slab,slab-shaped,1100x550,Ice Max Pure by COMPAC.webp
Compac,Ice Viola,slab,slab-shaped,1100x550,Ice Viola by COMPAC.webp
Compac,Luna,slab,slab-shaped,1100x550,Luna by COMPAC.webp
Compac,Luxury Borghini,slab,slab-shaped,1100x550,Luxury Borghini by COMPAC.webp
Compac,Luxury Taj,slab,slab-shaped,1100x550,Luxury Borghini by COMPAC.webp
Compac,Luxury Travertino,slab,slab-shaped,1100x550,Luxury Borghini by COMPAC.webp
Compac,Luxury Vagli Macchia Vecchia,slab,slab-shaped,1100x550,Luxury-Vagli-Macchia-Vecchia-by-COMPAC.webp
Compac,Luxury Vagli Oro,slab,slab-shaped,1100x550,Luxury-Vagli-Oro-by-COMPAC.webp
Compac,Moon,slab,slab-shaped,1100x550,Moon by COMPAC.webp
Compac,Nebulous Gold,slab,slab-shaped,1100x550,Nebulous Gold by COMPAC.webp
Compac,Nocturno,slab,slab-shaped,1100x550,Nocturno by COMPAC.webp
Compac,Plomo,slab,slab-shaped,1100x550,Plomo by COMPAC.webp
Compac,Snow,slab,slab-shaped,1100x550,Snow by COMPAC.webp
Compac,Unique Arabescato,slab,slab-shaped,1100x550,Unique Arabescato by COMPAC.webp
Compac,Unique Calacatta,slab,slab-shaped,2000x800,all old 2025 and before\Calacatta Gold Unique\Calacatta Gold Unique by Compac.jpg
Compac,Unique Calacatta Black,slab,slab-shaped,1100x550,Unique Calacatta Black by COMPAC.webp
Compac,Unique Calacatta Gold,slab,slab-shaped,2000x800,all old 2025 and before\Calacatta Gold Unique\Calacatta Gold Unique by Compac.jpg
Compac,Unique Calacatta Macchia Vecchia,slab,slab-shaped,1100x550,Unique Calacatta Macchia Vecchia by COMPAC.webp
Compac,Unique Marquina Zero,slab,slab-shaped,938x547,all old 2025 and before\Colour sample swatches\Unique-Marquina-by-Compac.jpg
Compac,Unique Taj,slab,slab-shaped,2000x800,all old 2025 and before\Calacatta Gold Unique\Calacatta Gold Unique by Compac.jpg
Compac,Unique Venatino,slab,slab-shaped,2000x800,all old 2025 and before\Compac Unique Venatino\Compac Unique Venatino.jpg
Compac,Unique Warm,slab,slab-shaped,2000x800,all old 2025 and before\Calacatta Gold Unique\Calacatta Gold Unique by Compac.jpg
Compac,Volcano Cloud Zero,NO MATCH,,,
Compac,Volcano Cool Zero,NO MATCH,,,
Compac,Volcano Dark Zero,NO MATCH,,,
Compac,Volcano Dim Zero,NO MATCH,,,
Compac,Volcano Grey Zero,NO MATCH,,,
Compac,Volcano Light Zero,NO MATCH,,,
Compac,Volcano Pearl Zero,NO MATCH,,,
Compac,Volcano Warm Zero,NO MATCH,,,
CRL,Kaizen Bronce,NO MATCH,,,
CRL,Masai Blanco Plus,NO MATCH,,,
CRL,Matteria Antracita,NO MATCH,,,
CRL,Portland Limestone,NO MATCH,,,
CRL,Silk Gris,NO MATCH,,,
CRL,The New Blacks Muschio,NO MATCH,,,
CRL,The New Blacks Prugna,NO MATCH,,,
CRL,Kaizen Bronce,NO MATCH,,,
CRL,Masai Blanco Plus,NO MATCH,,,
CRL,Matteria Antracita,NO MATCH,,,
CRL,Portland Limestone,NO MATCH,,,
CRL,Silk Gris,NO MATCH,,,
CRL,The New Blacks Muschio,NO MATCH,,,
CRL,The New Blacks Prugna,NO MATCH,,,
Fugen,Andromeda White,NO MATCH,,,
Fugen,Blue Roma Quartzite,NO MATCH,,,
Fugen,Calacatta Salvatore,slab,slab-shaped,1600x900,supiror calacatta.jpg
Fugen,Carrara Super Jumbo,slab,slab,2000x1010,Carrara\CARRARA_slab.jpg
Fugen,Celestial Leather,NO MATCH,,,
Fugen,Celestial Polished,NO MATCH,,,
Fugen,Centurius Grey,NO MATCH,,,
Fugen,Colonial Cream/Gold,NO MATCH,,,
Fugen,Imperium Leather,NO MATCH,,,
Fugen,Imperium Polished,NO MATCH,,,
Fugen,Jasper Leather,NO MATCH,,,
Fugen,Jasper Polished,NO MATCH,,,
Fugen,Light Grey,NO MATCH,,,
Fugen,Marfil Luxe Leather,NO MATCH,,,
Fugen,Matrix Leather,NO MATCH,,,
Fugen,Niagara,NO MATCH,,,
Fugen,Roma Leather,NO MATCH,,,
Fugen,Roma Polished,NO MATCH,,,
Fugen,Voyagem Quartzite,NO MATCH,,,
Fugen,White Macaubas,closeup-only,unclear,4032x3024,Fugen Stone slab images\Fugen Valley White.jpg
International Stones (IQ),Angelo,slab,slab-shaped,1120x560,IQ Angelo Satin--\angelo-satin-320x160-crop.jpg
International Stones (IQ),Calacatta Magma Gold,slab,slab-shaped,1100x550,A1 Samples for web orignal\Calacatta Magma Gold by IQ Quartz..jpg
International Stones (IQ),Calacatta Skylight,slab,slab-shaped,1599x738,IQ Calacatta Magma Silver-\Calacatta Skylight (Magma silver) sink.jpg
International Stones (IQ),Grey Shell,slab,slab-shaped,1100x550,A1 Samples for web orignal\Grey Shell Satin by IQ Quartz.jpg
International Stones (IQ),Vienne,slab,slab,1024x574,discontinued -IQ Vienne\IQ Vienne slab.jpg
KSG,Alaska White,NO MATCH,,,
KSG,Amazon,NO MATCH,,,
KSG,Amazon White,NO MATCH,,,
KSG,Andes,NO MATCH,,,
KSG,Angola Black Leathered,NO MATCH,,,
KSG,Angola Black Polished,NO MATCH,,,
KSG,Arabescato Orobico,NO MATCH,,,
KSG,Arabesque,slab,slab,5012x2486,Luxe\Luxe\Arabesque\Arabesque full slab.jpg
KSG,Arctic White,NO MATCH,,,
KSG,Astoria/Alexia Gold/Ivory Cream,NO MATCH,,,
KSG,Avalanche,NO MATCH,,,
KSG,Azul Lago,NO MATCH,,,
KSG,Azul Platino,NO MATCH,,,
KSG,Baltic Brown,NO MATCH,,,
KSG,Bianco Antique,NO MATCH,,,
KSG,Bianco Carrara C Pol/Honed,NO MATCH,,,
KSG,Bianco Kinawa/Piracema Leathered,NO MATCH,,,
KSG,Bianco Kinawa/Piracema Polished,NO MATCH,,,
KSG,Bianco Superiore,NO MATCH,,,
KSG,Black Forest Leathered,slab,slab,4853x2421,Luxe\Luxe\Black Mist\Black Mist full slab.jpg
KSG,Black Forest Polished,slab,slab,4853x2421,Luxe\Luxe\Black Mist\Black Mist full slab.jpg
KSG,Black Mist,slab,slab,4853x2421,Luxe\Luxe\Black Mist\Black Mist full slab.jpg
KSG,Blue Dunes,NO MATCH,,,
KSG,Blue Dunes - Leather,NO MATCH,,,
KSG,Blue Pearl,NO MATCH,,,
KSG,Blues In the Night,NO MATCH,,,
KSG,Brown Fantasy,NO MATCH,,,
KSG,Brown Fantasy - Leather,NO MATCH,,,
KSG,Calacatta Gold,slab,slab,5568x2831,Terrian\Terrian\Calacatta Gold\Calacatta Gold full slab.jpg
KSG,Calacatta Gold Shimmer,slab,slab,5370x2802,Terrian\Terrian\Calacatta Gold Shimmer\Calacatta Gold Shimmer full slab_.jpg
KSG,Calacatta Sahara,slab,slab,5438x2800,Terrian\Terrian\Calacatta Sahara\Calacatta Sahara full slab.jpg
KSG,Calacatta Shimmer,slab,slab,5275x2733,Terrian\Terrian\Calacatta Alpine\Calacatta Alpine full slab.jpg
KSG,Carrara Classic,slab,slab,5918x2944,Mist\Mist\Carrara Classic\Carrara Classic full slab.jpg
KSG,Carrara Classic - Leather,slab,slab,5918x2944,Mist\Mist\Carrara Classic\Carrara Classic full slab.jpg
KSG,Carrara Gold,slab,slab,5918x2944,Mist\Mist\Carrara Classic\Carrara Classic full slab.jpg
KSG,Carrara Sicilia,slab,slab,5643x2791,Mist\Mist\Carrara Sicilia\Carrara Sicilia  full slab.jpg
KSG,Carrara Vena,slab,slab,5322x2643,Mist\Mist\Carrara Vena\Carrara Vena full slab.jpg
KSG,Cobalt Black,NO MATCH,,,
KSG,Cobalt Black - Leather,NO MATCH,,,
KSG,Colonial Cream,NO MATCH,,,
KSG,Colonial Cream - Leather,NO MATCH,,,
KSG,Colonial Gold,NO MATCH,,,
KSG,Colonial White,NO MATCH,,,
KSG,Cosmic Black Leathered,NO MATCH,,,
KSG,Cosmic Black Polished,NO MATCH,,,
KSG,Cosmic Gold (Titanium),NO MATCH,,,
KSG,Cosmic Gold (Titanium) - Leather,NO MATCH,,,
KSG,Crema Marfil Polished & Honed,NO MATCH,,,
KSG,Crystal Titanium,NO MATCH,,,
KSG,Crystal Titanium - Leather,NO MATCH,,,
KSG,Desert Silver,NO MATCH,,,
KSG,Diamond Galaxy Leathered,NO MATCH,,,
KSG,Diamond Galaxy Polished,NO MATCH,,,
KSG,Diano Reale/Perlato Olympo,NO MATCH,,,
KSG,Dove Grey,NO MATCH,,,
KSG,Eclipsia Bianco/Super White,NO MATCH,,,
KSG,Emerald Pearl,NO MATCH,,,
KSG,Grey Mirror,NO MATCH,,,
KSG,Grey Shimmer,NO MATCH,,,
KSG,Grigio Carnico,NO MATCH,,,
KSG,Himalaya,slab,slab,5000x2553,Elite\Elite\Himalaya\Himalaya full slab.jpg
KSG,Inca,slab,slab,5447x2707,Luxe\Luxe\Inca\Inca full slab.jpg
KSG,Indian Black Pearl Leather,NO MATCH,,,
KSG,Indian Black Pearl Polished,NO MATCH,,,
KSG,Infinity White,NO MATCH,,,
KSG,Irini,slab,slab,5111x2620,Luxe\Luxe\Irini\Irini full slab.jpg
KSG,Ivory Fantasy,NO MATCH,,,
KSG,Ivory Spice,NO MATCH,,,
KSG,Ivory Wave,NO MATCH,,,
KSG,Ivory Wave - Leather,NO MATCH,,,
KSG,Marron Imperial/Emperador,NO MATCH,,,
KSG,Mona Lisa,NO MATCH,,,
KSG,Nero Impala,NO MATCH,,,
KSG,Nero Marquina,NO MATCH,,,
KSG,Nevada,slab,slab,4906x2627,Elite\Elite\Nevada\Nevada full slab.jpg
KSG,Oro Fantastico Leathered,NO MATCH,,,
KSG,Oro Fantastico Polished,NO MATCH,,,
KSG,Patagonia,NO MATCH,,,
KSG,Portofino,slab,slab,4415x2331,Elite\Elite\Portofino\Portofino full slab.jpg
KSG,Prada Gold,NO MATCH,,,
KSG,Premium Black/Indian Jet Black Polished/Honed,NO MATCH,,,
KSG,Sahara,slab,slab,5438x2800,Terrian\Terrian\Calacatta Sahara\Calacatta Sahara full slab.jpg
KSG,Santorini,slab,slab,4307x2189,Terrian\Terrian\Santorini\Santorini Full slab.jpg
KSG,Sapphire Brown,NO MATCH,,,
KSG,Sardo Grey/Bianco Sardo,NO MATCH,,,
KSG,Seville,NO MATCH,,,
KSG,Siberian White,NO MATCH,,,
KSG,Silver Waves,NO MATCH,,,
KSG,Sorrento,slab,slab,4103x2071,Elite\Elite\Sorrento\Sorrento full slab.jpg
KSG,Star Galaxy,NO MATCH,,,
KSG,Steel Grey Leathered/Caress,NO MATCH,,,
KSG,Steel Grey Polished/Honed,NO MATCH,,,
KSG,Surf Green - Leather,NO MATCH,,,
KSG,Surf Green/Royal Green,NO MATCH,,,
KSG,Tan Brown,NO MATCH,,,
KSG,Travertine Classico - Filled & Polished,NO MATCH,,,
KSG,Verde Ubatuba,NO MATCH,,,
KSG,Viscount White (Cosmic White),NO MATCH,,,
KSG,White Mirror,NO MATCH,,,
KSG,White Shimmer,NO MATCH,,,
KSG,Zimbabwe Black Extra Leathered/Satinato,NO MATCH,,,
KSG,Zimbabwe Black Extra Polished/Honed,NO MATCH,,,
Lumina Stone,Astral White,NO MATCH,,,
Lumina Stone,Belvedere,slab,slab,2000x1000,Belvedere\Lumina_belvedere_FS3086_slab.jpg
Lumina Stone,Bianco Venatino,NO MATCH,,,
Lumina Stone,Bronze Cascade,NO MATCH,,,
Lumina Stone,Calacatta Eternal,NO MATCH,,,
Lumina Stone,Coral Metro,slab,slab-shaped,2500x1626,Coral Ash\FS6037_coral-ash.jpg
Lumina Stone,Coral Naturale,slab,slab-shaped,2500x1626,Coral Ash\FS6037_coral-ash.jpg
Lumina Stone,Maya,NO MATCH,,,
Lumina Stone,Patagonia,closeup-only,closeup,2560x1709,Patagonia\Patagonia close up.jpg
Lumina Stone,Sand Swan,slab,slab,2560x1279,Sand Swan\Sand Swan by lumina slab.jpg
Lumina Stone,Soapstone,NO MATCH,,,
Lumina Stone,Statuario Frost,NO MATCH,,,
Lumina Stone,Statuario Rhin,NO MATCH,,,
Lumina Stone,Statuario Venato,NO MATCH,,,
Lumina Stone,Super White Marble,NO MATCH,,,
Lumina Stone,Urban Cemento,NO MATCH,,,
Lumina Stone,White Sand,slab,slab,2048x1462,White lake (new carrara)\White lake slab image.jpg
Lumina Stone,White Swan,slab,slab-shaped,1024x511,white swan\White-Swan-8416-3D-1024x511.jpg
Nile Stone,Absolute Black (Extra),NO MATCH,,,
Nile Stone,Absolute Black Honed (Extra),NO MATCH,,,
Nile Stone,Absolute Black Leather / Satinato,NO MATCH,,,
Nile Stone,Ambrosia White / Moon White,NO MATCH,,,
Nile Stone,Andromeda White,NO MATCH,,,
Nile Stone,Angola Black,NO MATCH,,,
Nile Stone,Angola Black Leather/Satinato,NO MATCH,,,
Nile Stone,Antiq Brown Extra,NO MATCH,,,
Nile Stone,Antiq Brown Extra Leather/Satinato,NO MATCH,,,
Nile Stone,Aqua Gucci,NO MATCH,,,
Nile Stone,Arabescato  Capri,slab,slab-shaped,1600x799,Arabescato Elegance\Arabescato.jpg
Nile Stone,Arabescato  Elegance,slab,slab-shaped,1600x799,Arabescato Elegance\Arabescato.jpg
Nile Stone,Arabescato Grigio,slab,slab-shaped,1600x799,Arabescato Elegance\Arabescato.jpg
Nile Stone,Artic Cream,NO MATCH,,,
Nile Stone,Astoria,NO MATCH,,,
Nile Stone,Azul Platino,NO MATCH,,,
Nile Stone,Baltic Brown,NO MATCH,,,
Nile Stone,Belvedere,NO MATCH,,,
Nile Stone,Belvedere Leather,NO MATCH,,,
Nile Stone,Bianco Antico / Artic White,slab,slab-shaped,1600x900,Bianco Glacier\BIANCO-GLACIER-APPLICATION-min-300x169.jpg
Nile Stone,Bianco Crystal,slab,slab-shaped,1600x900,Bianco Glacier\BIANCO-GLACIER-APPLICATION-min-300x169.jpg
Nile Stone,Bianco Eclypsia - Calacatta,slab,slab-shaped,1600x900,Bianco Glacier\BIANCO-GLACIER-APPLICATION-min-300x169.jpg
Nile Stone,Bianco Eclypsia Calacatta Leather/Honed,slab,slab-shaped,1600x900,Bianco Glacier\BIANCO-GLACIER-APPLICATION-min-300x169.jpg
Nile Stone,Bianco Glacier,slab,slab-shaped,1600x900,Bianco Glacier\BIANCO-GLACIER-APPLICATION-min-300x169.jpg
Nile Stone,Bianco Romano,slab,slab-shaped,1600x900,Bianco Glacier\BIANCO-GLACIER-APPLICATION-min-300x169.jpg
Nile Stone,Bianco Sardo,slab,slab-shaped,1600x900,Bianco Glacier\BIANCO-GLACIER-APPLICATION-min-300x169.jpg
Nile Stone,Bianco Starlight,slab,slab-shaped,1600x799,bianco Starlight\bianco-diamante-min-300x145.jpg
Nile Stone,Black,slab,slab-shaped,1600x799,Calacatta  black fusion\Calacatta-Black-Fusion-main-300x145.jpg
Nile Stone,Black Marinace,slab,slab-shaped,1600x799,Calacatta  black fusion\Calacatta-Black-Fusion-main-300x145.jpg
Nile Stone,Black Oronico,slab,slab-shaped,1600x799,Calacatta  black fusion\Calacatta-Black-Fusion-main-300x145.jpg
Nile Stone,Black Pearl / Labrador Black,slab,slab-shaped,1600x799,Calacatta  black fusion\Calacatta-Black-Fusion-main-300x145.jpg
Nile Stone,Blue Dunes,NO MATCH,,,
Nile Stone,Blue Dunes Leather,NO MATCH,,,
Nile Stone,Blue Lagoon,slab,slab-shaped,1920x1080,Blue Lagoon\514cee1b-2a7b-42c0-b1f6-1e4256f7d0f4-300x169.jpg
Nile Stone,Blue Pearl Gt,NO MATCH,,,
Nile Stone,Blue Roma,NO MATCH,,,
Nile Stone,Blue Roma Leather / Honed,NO MATCH,,,
Nile Stone,Blues In The Night / Angola Blue,NO MATCH,,,
Nile Stone,Bon Accord/Nero Impala,NO MATCH,,,
Nile Stone,Borghini Royal,NO MATCH,,,
Nile Stone,Calacatta,slab,slab-shaped,1920x953,calacatta oro\Calacatta-ORO-LEATHER.jpeg
Nile Stone,Calacatta Alaska,slab,slab-shaped,1600x799,Calacatta Alaska\Calacatta-Alaska-300x145.jpg
Nile Stone,Calacatta Black Fusion,slab,slab-shaped,1600x799,Calacatta  black fusion\Calacatta-Black-Fusion-main-300x145.jpg
Nile Stone,Calacatta Brazil,slab,slab-shaped,1920x953,calacatta oro\Calacatta-ORO-LEATHER.jpeg
Nile Stone,Calacatta Brazil Leather,slab,slab-shaped,1920x953,calacatta oro\Calacatta-ORO-LEATHER.jpeg
Nile Stone,Calacatta Exotic,slab,slab-shaped,1600x713,Calacatta Exotic\Calacatta-Exotic-300x134.jpg
Nile Stone,Calacatta Extra,slab,slab-shaped,1920x953,calacatta oro\Calacatta-ORO-LEATHER.jpeg
Nile Stone,Calacatta Fantastico,slab,slab-shaped,1920x953,calacatta oro\Calacatta-ORO-LEATHER.jpeg
Nile Stone,Calacatta Gold,slab,slab-shaped,1600x703,Calacatta Gold\Calacatta-Gold-300x132.jpg
Nile Stone,Calacatta Gold Soft,slab,slab-shaped,1600x799,Calacatta gold - Soft\calacatta-gold-soft.jpg
Nile Stone,Calacatta Oro,slab,slab-shaped,1920x953,calacatta oro\Calacatta-ORO-LEATHER.jpeg
Nile Stone,Calacatta Oro Satin,slab,slab-shaped,1920x953,calacatta oro\Calacatta-ORO-LEATHER.jpeg
Nile Stone,Calacatta Supreme,slab,slab-shaped,1920x1280,Calacatta Supreme\CQ995-Calacatta-Supreme11a-300x200.jpg
Nile Stone,Calacatta Vena Vecchia,slab,slab-shaped,1600x799,Calacatta Venatino\Calacatta Venatino 1.jpg
Nile Stone,Calacatta Venatino,slab,slab-shaped,1600x799,Calacatta Venatino\Calacatta Venatino 1.jpg
Nile Stone,Calacatta Verde,slab,slab-shaped,1920x953,calacatta oro\Calacatta-ORO-LEATHER.jpeg
Nile Stone,Calacatta Viola Wow,slab,slab-shaped,1600x799,Calacatta Viola Wow\CALACATTA VIOLA 1-min.jpeg
Nile Stone,Calacatta Volakas,slab,slab-shaped,1920x953,calacatta oro\Calacatta-ORO-LEATHER.jpeg
Nile Stone,Capraia,NO MATCH,,,
Nile Stone,Carrara,slab,slab-shaped,1600x799,Carrara\carrara-2-min-300x145.jpg
Nile Stone,Carrara C - Polished/Honed,slab,slab-shaped,1600x799,Carrara\carrara-2-min-300x145.jpg
Nile Stone,Carrara Mist,slab,slab-shaped,1600x799,Carrara Mist\carrara-mist-min-300x145.jpg
Nile Stone,Carrara Satin,slab,slab-shaped,1600x799,Carrara\carrara-2-min-300x145.jpg
Nile Stone,Carrara Spring,slab,slab-shaped,1600x799,Carrara Spring\carrara-spring-min-300x145.jpg
Nile Stone,Classic White,slab,slab-shaped,1600x799,Classic White\Classic-White-min-300x145.jpg
Nile Stone,Cloud Burst,slab,slab-shaped,1600x799,Cloud Burst\Cloud-Burst-2-min-300x145.jpg
Nile Stone,Colombo Juparana,NO MATCH,,,
Nile Stone,Colonial Cream / Gold,NO MATCH,,,
Nile Stone,Colonial White,NO MATCH,,,
Nile Stone,Concrete Earth,slab,slab-shaped,1600x799,Concrete Earth\CONCRETE-EARTH-min-300x145.jpg
Nile Stone,Concrete Oyster,slab,slab-shaped,1600x799,Concrete Oyster\CONCRETE-OYSTER-min-300x145.jpg
Nile Stone,Cosmic Black,NO MATCH,,,
Nile Stone,Cosmic Black Leather/ Satinato,NO MATCH,,,
Nile Stone,Cosmic White,NO MATCH,,,
Nile Stone,Cosmos (Star Gate),NO MATCH,,,
Nile Stone,Cote D' Azore,NO MATCH,,,
Nile Stone,Crema Marfil - Polished/ Honed,NO MATCH,,,
Nile Stone,Cristal White,slab,slab-shaped,1600x799,Cristal White\bianco-cristallo-min-300x145.jpg
Nile Stone,Dover White / Oyster White,NO MATCH,,,
Nile Stone,Emerald Green,slab,slab-shaped,1600x799,Emerald Green\Emerald-Green-mag-300x145.jpg
Nile Stone,Emerald Pearl,slab,slab-shaped,1600x799,Emerald Green\Emerald-Green-mag-300x145.jpg
Nile Stone,Fantasy Brown / Terra Bianco,slab,slab-shaped,1600x799,Grigio Fantasy\GRIGIO FANTASY1 -.jpg
Nile Stone,Fantasy Brown / Terra Bianco Leather,slab,slab-shaped,1600x799,Grigio Fantasy\GRIGIO FANTASY1 -.jpg
Nile Stone,Forest Black,NO MATCH,,,
Nile Stone,Forest Black Leather/Satinato,NO MATCH,,,
Nile Stone,Fusion Black,slab,slab-shaped,1600x799,Calacatta  black fusion\Calacatta-Black-Fusion-main-300x145.jpg
Nile Stone,Fusion Blue,slab,slab-shaped,1600x799,Calacatta  black fusion\Calacatta-Black-Fusion-main-300x145.jpg
Nile Stone,Fusion Multicolour,slab,slab-shaped,1600x799,Calacatta  black fusion\Calacatta-Black-Fusion-main-300x145.jpg
Nile Stone,Fusion Wow Multicolour,slab,slab-shaped,1600x799,Calacatta  black fusion\Calacatta-Black-Fusion-main-300x145.jpg
Nile Stone,Giallo Veneziano,NO MATCH,,,
Nile Stone,Golden White,NO MATCH,,,
Nile Stone,Grigio Fantasy,slab,slab-shaped,1600x799,Grigio Fantasy\GRIGIO FANTASY1 -.jpg
Nile Stone,Grigio Starlight,slab,slab-shaped,1600x799,Grigio Starlight\GRIGIO-DIAMANTE-min-300x145.jpg
Nile Stone,Ice White,slab,slab-shaped,1600x799,Ice white\ice-white-2-300x145.jpg
Nile Stone,Imperial White,NO MATCH,,,
Nile Stone,Italian Black Slate - Honed,NO MATCH,,,
Nile Stone,Italian Black Slate - Riven,NO MATCH,,,
Nile Stone,Ivory Brown / Shivakashi,NO MATCH,,,
Nile Stone,Ivory Fantasy / Milky White,NO MATCH,,,
Nile Stone,Ivory Gold,NO MATCH,,,
Nile Stone,Kashmir Gold,NO MATCH,,,
Nile Stone,Kashmir White,NO MATCH,,,
Nile Stone,Labrador Antiq,NO MATCH,,,
Nile Stone,Lavender,slab,slab-shaped,1600x799,Lavender\LAVENDER-min-300x145.jpg
Nile Stone,Lenon,NO MATCH,,,
Nile Stone,Limestone Sand,NO MATCH,,,
Nile Stone,London Grey,slab,slab-shaped,1600x799,London Grey\GRIGIO-LONDRA-min-300x145.jpg
Nile Stone,Macaubas Fantasy,NO MATCH,,,
Nile Stone,Madura Gold,NO MATCH,,,
Nile Stone,Magma Gold,NO MATCH,,,
Nile Stone,Maldives,NO MATCH,,,
Nile Stone,Maroon Imperial/Emperador Dark,NO MATCH,,,
Nile Stone,Maroon Imperial/Emperador Light,NO MATCH,,,
Nile Stone,Mont Blanc,NO MATCH,,,
Nile Stone,Mont Blanc Leather,NO MATCH,,,
Nile Stone,Mystic Grey / Donatello,NO MATCH,,,
Nile Stone,Mystic Grey / Donatello Leather,NO MATCH,,,
Nile Stone,Nero Impala / Bon Accord,NO MATCH,,,
Nile Stone,Nero Marquina,NO MATCH,,,
Nile Stone,Nero Starlight,slab,slab-shaped,1600x799,Nero Starlight\NERO-STARLIGHT-new-300x145.jpg
Nile Stone,New Venetian Gold,NO MATCH,,,
Nile Stone,Ocean Fantasy,NO MATCH,,,
Nile Stone,Olive Green,NO MATCH,,,
Nile Stone,Patagonia Botanic,NO MATCH,,,
Nile Stone,Pegasus,NO MATCH,,,
Nile Stone,Piracema/ Kinawa White,NO MATCH,,,
Nile Stone,Piracema/ Kinawa White Leather/Satinato,NO MATCH,,,
Nile Stone,River (Valley) White,NO MATCH,,,
Nile Stone,Rosso Levanto,NO MATCH,,,
Nile Stone,Royal Grey,slab,slab-shaped,1600x799,Royal Grey\SILVER-GREY-min-300x145.jpg
Nile Stone,Saint Laurent,NO MATCH,,,
Nile Stone,Sapphire Brown,NO MATCH,,,
Nile Stone,Silver Root Grey,slab,slab-shaped,1600x799,Royal Grey\SILVER-GREY-min-300x145.jpg
Nile Stone,Silver Root White,slab,slab-shaped,1600x799,Royal Grey\SILVER-GREY-min-300x145.jpg
Nile Stone,Snow White,slab,slab-shaped,1600x768,Snow White\Snow-White-1-300x144.jpg
Nile Stone,Star Galaxy,NO MATCH,,,
Nile Stone,Statuario,slab,slab-shaped,1920x1280,Statuario\statario-display-300x200.jpg
Nile Stone,Steel Grey Leather / Honed / Caress,NO MATCH,,,
Nile Stone,Steel Grey Polished,NO MATCH,,,
Nile Stone,Taj Mahal,slab,slab-shaped,1920x1200,Taj mahal Elegance\FS8038-Tal Mahal Eelegance application.jpg
Nile Stone,Taj Mahal Elagance,slab,slab-shaped,1920x1200,Taj mahal Elegance\FS8038-Tal Mahal Eelegance application.jpg
Nile Stone,Taj Mahal Leather / Honed,slab,slab-shaped,1920x1200,Taj mahal Elegance\FS8038-Tal Mahal Eelegance application.jpg
Nile Stone,Tan Brown,NO MATCH,,,
Nile Stone,Thunder White,NO MATCH,,,
Nile Stone,Titanium,NO MATCH,,,
Nile Stone,Topazio White,NO MATCH,,,
Nile Stone,Travertine Romano Classico - H/F,NO MATCH,,,
Nile Stone,Travertine Romano Classico - H/F Extra,NO MATCH,,,
Nile Stone,Travertino Classico,NO MATCH,,,
Nile Stone,Uba Tuba,NO MATCH,,,
Nile Stone,Venaria Reale,NO MATCH,,,
Nile Stone,Verde Alpi,NO MATCH,,,
Nile Stone,Verde Guatamala,NO MATCH,,,
Nile Stone,Viscount White,NO MATCH,,,
Nile Stone,Volga Blue Extra,NO MATCH,,,
Nile Stone,Warangal Black,NO MATCH,,,
Nile Stone,White,slab,slab-shaped,1600x799,Classic White\Classic-White-min-300x145.jpg
Nile Stone,White Eclypse,slab,slab-shaped,1600x799,White eclipse\WHITE-ECLYPSE-main-300x145.jpg
Nile Stone,White Macaubas,slab,slab-shaped,1600x799,Classic White\Classic-White-min-300x145.jpg
Nile Stone,White Macaubas Leather,slab,slab-shaped,1600x799,Classic White\Classic-White-min-300x145.jpg
Nile Stone,Zimbabwe Black Honed,NO MATCH,,,
Nile Stone,Zimbabwe Black Leather / Satinato,NO MATCH,,,
Nile Stone,Zimbabwe Black Polished,NO MATCH,,,
Picasso Surfaces,Annapurna,slab,slab-shaped,1920x1200,Anna Purna\anna purna.png
Picasso Surfaces,Arabescato Creme,slab,slab-shaped,3916x2439,Arabescato Corchia\Arabescato Corchia rack.jpg
Picasso Surfaces,Aspen Gold,slab,slab-shaped,7874x3963,Aspen\Aspen.jpeg
Picasso Surfaces,Carrara Ice (Shimmer),slab,slab-shaped,6026x3013,carrara Ice\Carrara Ice.jpg
Picasso Surfaces,Cashmere,NO MATCH,,,
Picasso Surfaces,Cristallo,NO MATCH,,,
Picasso Surfaces,Erebus,NO MATCH,,,
Picasso Surfaces,Golden Storm,slab,slab-shaped,6845x3550,Thunder Gold\Golden thunder 2.jpeg
Picasso Surfaces,Golden Thunder Shimmer,slab,slab-shaped,6845x3550,Thunder Gold\Golden thunder 2.jpeg
Picasso Surfaces,Grey Mirror,NO MATCH,,,
Picasso Surfaces,Himalyan Pink Onyx,NO MATCH,,,
Picasso Surfaces,Jade Glacia,NO MATCH,,,
Picasso Surfaces,Nacorado,NO MATCH,,,
Picasso Surfaces,Opal Royale,NO MATCH,,,
Picasso Surfaces,Orella,NO MATCH,,,
Picasso Surfaces,Patagonia,NO MATCH,,,
Picasso Surfaces,Pearla,NO MATCH,,,
Picasso Surfaces,Solarius,NO MATCH,,,
Picasso Surfaces,Taj Honey Onyx,NO MATCH,,,
Picasso Surfaces,Taj Mahal Extra,slab,slab-shaped,6526x3930,Taj mahal\Taj Mahal.jpg
Picasso Surfaces,Thunder Gold,slab,slab,2048x1536,Thunder Gold\Thunder gold Iconix Quartz slab image.jpg
Picasso Surfaces,Tuscan,NO MATCH,,,
Picasso Surfaces,Verde Onyx,NO MATCH,,,
Picasso Surfaces,Verde Tempsta,NO MATCH,,,
Picasso Surfaces,Viola,NO MATCH,,,
Quartz Hub,Arabescatta Oro,slab,slab-shaped,7056x4564,Arabes-catta Oro.jpg
Unistone,Adamello,slab,slab-shaped,1920x896,A1 Unistone 2026\Adamello\Adamello Unistone CSADAM 1920.png
Unistone,Alaska White,slab,slab,1920x949,A1 Unistone 2026\Alaska White\Alaska White Unistone CSALWH Fullslab 1920.png
Unistone,Arabescato Vagli,slab,slab,1920x885,A1 Unistone 2026\Arabescato Vagli\Arabescato Vagli Unistone CSARVA Fullslab 1920.png
Unistone,Arabescato Viola,slab,slab,1920x881,A1 Unistone 2026\Arabescato Viola\Arabescato Viola Unistone CSARVI Fullslab 1920.png
Unistone,Argento,slab,slab,1920x1080,A1 Unistone 2026\Argento\Argento full slab.jpg
Unistone,Bianco,slab,slab,5248x2464,A1 Unistone 2026\Bianco Carrara Santorini\Bianca Carrara Santorini CSBCAS FullSlab 1920.png
Unistone,Bianco Assoluto,slab,slab,1920x897,A1 Unistone 2026\Bianco Assoluto\Bianco Assoluto Unistone CSPWHI Fullslab 1920.png
Unistone,Bianco Cristal,slab,slab,1920x999,A1 Unistone 2026\Bianco Cristal\Black Crystal Unistone CSBLCR Fullslab 1920.png
Unistone,Bianco Eclipse,slab,slab,1920x886,A1 Unistone 2026\Bianco Eclipse\Bianco Eclipse CSBECL Fullslab 1920.png
Unistone,Bianco Extra,slab,slab-shaped,1920x1080,A1 Unistone 2026\Bianco Extra\Bianco Extra CSWHEX 1920x1080.png
Unistone,Bianco Extreme,slab,slab,1920x957,A1 Unistone 2026\Bianco Extreme\Bianco Extreme Unistone CSBIEX Fullslab 1920.png
Unistone,Black Crystal,slab,slab,1920x999,A1 Unistone 2026\Bianco Cristal\Black Crystal Unistone CSBLCR Fullslab 1920.png
Unistone,Cararra Misterio,NO MATCH,,,
Unistone,Cemento,slab,slab,1920x941,A1 Unistone 2026\Cemento\Cemento Unistone CSCEME Fullslab 1920.png
Unistone,Cendre,slab,slab,1920x913,A1 Unistone 2026\Cendre\Cendre Unistone CSCEND Fullslab 1920.png
Unistone,Ceppo,slab,slab,1920x1080,A1 Unistone 2026\Ceppo\Ceppo by Unistone full slab.jpg
Unistone,Cinza,slab,slab-shaped,1100x550,Unistone sample images for website\Cinza by Unistone.jpg
Unistone,Crystallo Beige,slab,slab-shaped,1920x945,A1 Unistone 2026\Crystallo Beige\Crystallo Beige Unistone CSCRBE 1920.png
Unistone,Grey Savoye,slab,slab-shaped,1920x916,A1 Unistone 2026\Grey Savoye\Grey Savoye Unistone CSSAVO 1920.png
Unistone,Grigio Paloma,slab,slab,1920x907,A1 Unistone 2026\Grigio Paloma\Grigio Paloma Unistone CSGRPA Fullslab 1920.png
Unistone,Java Black,slab,slab,1920x927,A1 Unistone 2026\Java Black\Java Black Unistone CSJABL Fullslab 1920.png
Unistone,Jura Grey,slab,slab,1920x906,A1 Unistone 2026\Jura Grey\Jura Grey Unistone CSJUGR Fullslab 1920.png
Unistone,Misterio Gold,slab,slab-shaped,1920x956,A1 Unistone 2026\Misterio Gold\Misterio Gold Unistone CSMIGO 1920x1080.jpg
Unistone,Polaris,slab,slab-shaped,1920x945,A1 Unistone 2026\Polaris\Polaris Unistone CSPOLA 1920.png
Unistone,Sahara Noir,slab,slab,1920x960,A1 Unistone 2026\Sahara Noir\Sahara Noir CSSANO Fullslab 1920.png
Unistone,Silver Sea,slab,slab,1920x893,A1 Unistone 2026\Silver Sea\Silver Sea CSSEA Fullslab 1920.png
Unistone,Sinai Pearl,slab,slab-shaped,2000x1125,A1 Unistone 2026\Sinai Pearl\Sinai%20Pearl%20Unistone_CSSINA_1920x1080_chevalet.png
Unistone,Statuario,slab,slab-shaped,5312x2988,A1 Unistone 2026\Statuario\unistone statuario 2.jpg
Unistone,Taj Mahal,slab,slab,1920x952,A1 Unistone 2026\Taj Mahal\Taj Mahal Unistone CSTAJM Fullslab 1920.png
Unistone,Valley White,slab,slab-shaped,1920x1080,A1 Unistone 2026\Valley White\ValleyWhite Unistone CSVAWH 1920x1080.png
Unistone,Vitoria Regia,slab,slab,1116x521,A1 Unistone 2026\Vitoria Regia\Vitoria Regia Unistone CSVIRE Fullslab.jpg
Unistone,White Eden,slab,slab,1920x881,A1 Unistone 2026\White Eden\White Eden Unistone CSGAED Fullslab 1920.png
Unistone,White Fusion,slab,slab,1920x882,A1 Unistone 2026\White Fusion\White Fusion CSFUSI Fullslab 1920.png
World Wide Stones,Ambient Cemento,NO MATCH,,,
World Wide Stones,Calacatta Oro Frost,slab,slab,2560x1703,Slab-Calacatta-Or.jpeg
World Wide Stones,Desert Silver,slab,slab,2560x1703,Desert Silver\desert silver slab.jpg
World Wide Stones,Grey Coconut Sparkle,NO MATCH,,,
World Wide Stones,Levante Grey,NO MATCH,,,
World Wide Stones,New Carrara Frost,NO MATCH,,,
World Wide Stones,Noir St Laurent,NO MATCH,,,
World Wide Stones,Raw Concrete,NO MATCH,,,
World Wide Stones,Taj Mahal Extra,slab,slab,5056x2766,Taj mahal\Slab - Taj Mahal 3D.jpg
Brachot,Andromeda,NO MATCH,,,
Brachot,Antique Brown,NO MATCH,,,
Brachot,Arabescato Calacatta,slab,slab-shaped,1920x954,brachot-Designs Uniceramica\Arabescato Calacatta_KSXARCA_1920x954.png
Brachot,Arabescato Orobico,slab,slab-shaped,1920x960,brachot-Designs Uniceramica\Arabescato Orobico_KSXAROA_1920x960.png
Brachot,Arabescato Vagli,slab,slab-shaped,1920x963,brachot-Designs Uniceramica\ArabescatoVagli _Naturale _A_KSXARAA_1920x963.png
Brachot,Ardesia,slab,slab-shaped,1920x960,brachot-Designs Uniceramica\Ardesia Autumn_KSXARTB_1920x960.png
Brachot,Ardesia Autumn,slab,slab-shaped,1920x960,brachot-Designs Uniceramica\Ardesia Autumn_KSXARTB_1920x960.png
Brachot,Ardesia Beige,slab,slab-shaped,1920x960,brachot-Designs Uniceramica\Ardesia Beige_KSXARBB_1920x960.png
Brachot,Azul Aran,NO MATCH,,,
Brachot,Baltic Brown,NO MATCH,,,
Brachot,Basalt Grey,slab,slab-shaped,1920x1080,brachot-Designs Uniceramica\BasaltoNero_Bocciardata_KSXBAN_1920x1080.jpg
Brachot,Basalto Grigio,slab,slab-shaped,1920x1080,brachot-Designs Uniceramica\BasaltoNero_Bocciardata_KSXBAN_1920x1080.jpg
Brachot,Basalto Nero,slab,slab-shaped,1920x1080,brachot-Designs Uniceramica\BasaltoNero_Bocciardata_KSXBAN_1920x1080.jpg
Brachot,Beige,slab,slab,1920x964,brachot-Designs Uniceramica\Jura Beige_KSXJUBE_Strutturata_full slab_1920x964.png
Brachot,Belfast Extra,NO MATCH,,,
Brachot,Belfast Extra Scuro,NO MATCH,,,
Brachot,Bianco,slab,slab,1920x967,brachot-Designs Uniceramica\Travertino Bianco_strutturata_full slab_1920x967_A.png
Brachot,Bianco Assoluto,slab,slab-shaped,1920x963,brachot-Designs Uniceramica\BiancoAssoluto_Naturale_KSXWHI_1920x963.png
Brachot,Bianco Carrara,slab,slab,1920x967,brachot-Designs Uniceramica\Travertino Bianco_strutturata_full slab_1920x967_A.png
Brachot,Bianco Carrara C,slab,slab,1920x967,brachot-Designs Uniceramica\Travertino Bianco_strutturata_full slab_1920x967_A.png
Brachot,Bianco Carrara C Extra,slab,slab,1920x967,brachot-Designs Uniceramica\Travertino Bianco_strutturata_full slab_1920x967_A.png
Brachot,Bianco Sarde F,slab,slab,1920x967,brachot-Designs Uniceramica\Travertino Bianco_strutturata_full slab_1920x967_A.png
Brachot,Black Fusion,slab,slab-shaped,4032x2268,brachot-Designs Uniceramica\Jet Black Uniceramica_KSXJBL_Naturale_1920x1080.png
Brachot,Black Pearl,slab,slab-shaped,4032x2268,brachot-Designs Uniceramica\Jet Black Uniceramica_KSXJBL_Naturale_1920x1080.png
Brachot,Black Slate Mustang,slab,slab-shaped,4032x2268,brachot-Designs Uniceramica\Jet Black Uniceramica_KSXJBL_Naturale_1920x1080.png
Brachot,Black Waves,slab,slab-shaped,4032x2268,brachot-Designs Uniceramica\Jet Black Uniceramica_KSXJBL_Naturale_1920x1080.png
Brachot,Blanc Des Pyrenees,NO MATCH,,,
Brachot,Blanc Perlé,NO MATCH,,,
Brachot,Blue Antique | Brown Pearl,NO MATCH,,,
Brachot,Blue Barracuda,NO MATCH,,,
Brachot,Blue Night,NO MATCH,,,
Brachot,Blue Pearl,NO MATCH,,,
Brachot,Blue Pearl Extra,NO MATCH,,,
Brachot,Bluestone,NO MATCH,,,
Brachot,Branco Piracema,NO MATCH,,,
Brachot,Breccia Aurora,slab,slab-shaped,1920x960,brachot-Designs Uniceramica\Breccia Aurora A_KSXBRBA_1920x960.png
Brachot,Breccia Imperiale,slab,slab-shaped,1920x960,brachot-Designs Uniceramica\Breccia Aurora A_KSXBRBA_1920x960.png
Brachot,Breccia Oniciata,slab,slab-shaped,1920x960,brachot-Designs Uniceramica\Breccia Aurora A_KSXBRBA_1920x960.png
Brachot,Breccia Taupe,slab,slab-shaped,1920x960,brachot-Designs Uniceramica\Breccia Taupe_KSXBRTA_1920x960.png
Brachot,Calacatta Oro,slab,slab-shaped,1920x957,brachot-Designs Uniceramica\Calacatta Oro_Naturale_KSXCAOA_1920x957.png
Brachot,Calacatta Royal,slab,slab,1920x964,brachot-Designs Uniceramica\Calacatta Royal_Naturale_full slab_1920x964_A.png
Brachot,Calacatta Viola,slab,slab-shaped,1920x960,brachot-Designs Uniceramica\Calacatta Viola A_KSXCAVA_1920x960.png
Brachot,Caliza Avorio,slab,slab,1920x964,brachot-Designs Uniceramica\Caliza Avorio_Strutturata_full slab_1920x964.png
Brachot,Caliza Crema,slab,slab,1920x964,brachot-Designs Uniceramica\Caliza Crema_Strutturata_full slab_1920x964.png
Brachot,Capraia,slab,slab-shaped,1920x960,brachot-Designs Uniceramica\Capraia_KSXCALA_1920x960.png
Brachot,Casablanca,NO MATCH,,,
Brachot,Ceppo,slab,slab-shaped,1920x968,brachot-Designs Uniceramica\Ceppo di Gre_KSXCEP_1920x968.png
Brachot,Ceppo di Gre,slab,slab-shaped,1920x968,brachot-Designs Uniceramica\Ceppo di Gre_KSXCEP_1920x968.png
Brachot,Ciotolli Beige,NO MATCH,,,
Brachot,Coffee Brown,NO MATCH,,,
Brachot,Colonial Gold,NO MATCH,,,
Brachot,Colonial Ivory,NO MATCH,,,
Brachot,Colonial White,NO MATCH,,,
Brachot,Combe Brune,NO MATCH,,,
Brachot,Coromandel,NO MATCH,,,
Brachot,Cosmic Black / Titanium,NO MATCH,,,
Brachot,Cosmic Black Yellow,NO MATCH,,,
Brachot,Crema Bello | Antalya Cream,slab,slab,1920x964,brachot-Designs Uniceramica\Caliza Crema_Strutturata_full slab_1920x964.png
Brachot,Crema Bramos,slab,slab,1920x964,brachot-Designs Uniceramica\Caliza Crema_Strutturata_full slab_1920x964.png
Brachot,Crema Marfil Select,slab,slab,1920x964,brachot-Designs Uniceramica\Caliza Crema_Strutturata_full slab_1920x964.png
Brachot,Crystallo,slab,slab-shaped,1920x969,brachot-Designs Uniceramica\Crystallo A_KSXCRQA_1920x969.png
Brachot,Dark Moon,NO MATCH,,,
Brachot,Delicatus Gold,NO MATCH,,,
Brachot,Dolomite,NO MATCH,,,
Brachot,Emerald Pearl,NO MATCH,,,
Brachot,Emperador Black Extra,NO MATCH,,,
Brachot,Emperador Grey,NO MATCH,,,
Brachot,Emperador Marron Extra,NO MATCH,,,
Brachot,Euville Classique,NO MATCH,,,
Brachot,Fior Di Bosco,slab,slab-shaped,1920x960,brachot-Designs Uniceramica\FiorDiBoscoA_KSXFDA_1920x960.png
Brachot,Flash Blue,NO MATCH,,,
Brachot,Forest Brown,NO MATCH,,,
Brachot,Forest Green Extra,NO MATCH,,,
Brachot,Fragola,NO MATCH,,,
Brachot,Grey Granite,NO MATCH,,,
Brachot,Grey Silk,NO MATCH,,,
Brachot,Grigio,NO MATCH,,,
Brachot,Iceberg,NO MATCH,,,
Brachot,Jade Green,slab,slab-shaped,1920x960,brachot-Designs Uniceramica\JadeGreen_Naturale_KSXJAGA_1920x960.png
Brachot,Jet Black,slab,slab-shaped,4032x2268,brachot-Designs Uniceramica\Jet Black Uniceramica_KSXJBL_Naturale_1920x1080.png
Brachot,Juparana Colombo,NO MATCH,,,
Brachot,Jura Beige,slab,slab,1920x964,brachot-Designs Uniceramica\Jura Beige_KSXJUBE_Strutturata_full slab_1920x964.png
Brachot,Jura Gelb,NO MATCH,,,
Brachot,Jura Graublau,NO MATCH,,,
Brachot,Kashmir Gold,NO MATCH,,,
Brachot,Lanhelin,NO MATCH,,,
Brachot,Lincoln Dorato,slab,slab-shaped,1920x964,brachot-Designs Uniceramica\Lincoln Dorato_KSXLIDA_1920x964.png
Brachot,Magnific White,NO MATCH,,,
Brachot,Marmo Antico,slab,slab-shaped,1920x960,brachot-Designs Uniceramica\MarmoAntico_Naturale_KSXMANA_1920x960.png
Brachot,Massangis Beige Clair,NO MATCH,,,
Brachot,Massangis Clair Nuance,NO MATCH,,,
Brachot,Massangis Jaune,NO MATCH,,,
Brachot,Massangis Jaune Clair,NO MATCH,,,
Brachot,Mediterranean Green,NO MATCH,,,
Brachot,Millenium Cream,NO MATCH,,,
Brachot,Moca A Passe Extra | Mirabelle,NO MATCH,,,
Brachot,Moca Contre Passe Extra,NO MATCH,,,
Brachot,Molianos Extra,NO MATCH,,,
Brachot,Nari Black,NO MATCH,,,
Brachot,Nero Angola,NO MATCH,,,
Brachot,Nero Assoluto,slab,slab,1920x1080,brachot-Designs Uniceramica\NeroAssoluto_KSXZIM_full slab_1920x1080.jpg
Brachot,Nero Marquina,NO MATCH,,,
Brachot,Nougat,NO MATCH,,,
Brachot,Oro Fantastico,slab,slab,1920x964,brachot-Designs Uniceramica\Oro Fantastico_Naturale_full slab_1920x964_A.png
Brachot,Palomino,NO MATCH,,,
Brachot,Paradiso Bash,NO MATCH,,,
Brachot,Patagonia,slab,slab-shaped,1920x960,brachot-Designs Uniceramica\Patagonia_KSXPSTA_1920x960.png
Brachot,Pepperino Dark,NO MATCH,,,
Brachot,Perla Avorio,slab,slab,1920x964,brachot-Designs Uniceramica\Perla Avorio_Strutturata_full slab_1920x964.png
Brachot,Pietra Damari,NO MATCH,,,
Brachot,Pietra Grey | Lashator Grey,NO MATCH,,,
Brachot,Portoro,slab,slab-shaped,1920x960,brachot-Designs Uniceramica\Portoro_Naturale_KSXPORA_1920x960.png
Brachot,Prada Gold,NO MATCH,,,
Brachot,Pretoria,NO MATCH,,,
Brachot,Rio Branco,NO MATCH,,,
Brachot,Rose Sarde,NO MATCH,,,
Brachot,Rosso Alicante,NO MATCH,,,
Brachot,Rosso Lepanto,NO MATCH,,,
Brachot,Rosso Verona,NO MATCH,,,
Brachot,Rustenburg Top Medium,NO MATCH,,,
Brachot,Sahara Grey,slab,slab-shaped,1920x960,brachot-Designs Uniceramica\SaharaGrey_A_KSXAGA_1920x960.png
Brachot,Sahara Noir,slab,slab-shaped,1066x536,brachot-Designs Uniceramica\SaharaNoir_Naturale_KSXSANB_1066x536.png
Brachot,Saphir Blue,NO MATCH,,,
Brachot,Shivakasi Ivory,NO MATCH,,,
Brachot,Sienna,NO MATCH,,,
Brachot,Silk,NO MATCH,,,
Brachot,Silver Waves,NO MATCH,,,
Brachot,Simyra,NO MATCH,,,
Brachot,Sinai Pearl,slab,slab-shaped,1920x969,brachot-Designs Uniceramica\Sinai Pearl_KSXSIP_1920x969.png
Brachot,Spring Falls,NO MATCH,,,
Brachot,Star Black,NO MATCH,,,
Brachot,Star Galaxy,NO MATCH,,,
Brachot,Stargate,NO MATCH,,,
Brachot,Statuario,slab,slab-shaped,1920x965,brachot-Designs Uniceramica\StatuarioExtra_KSXSTEA_1920x965.png
Brachot,Statuario Extra,slab,slab-shaped,1920x965,brachot-Designs Uniceramica\StatuarioExtra_KSXSTEA_1920x965.png
Brachot,Steel Grey,NO MATCH,,,
Brachot,Taj Mahal,slab,slab-shaped,1575x787,brachot-Designs Uniceramica\TajMahal_Naturale_KSXTMAA_1575x787.png
Brachot,Talila Grey,NO MATCH,,,
Brachot,Tan Brown,NO MATCH,,,
Brachot,Tarn Gros Grain,NO MATCH,,,
Brachot,Tarn Royal,NO MATCH,,,
Brachot,Thunder White,NO MATCH,,,
Brachot,Topazio White,NO MATCH,,,
Brachot,Traonyx White,NO MATCH,,,
Brachot,Travertino Argento,slab,slab-shaped,1920x969,brachot-Designs Uniceramica\Travertino Argento_KSXTTA_1920x969.png
Brachot,Travertino Bianco,slab,slab,1920x967,brachot-Designs Uniceramica\Travertino Bianco_strutturata_full slab_1920x967_A.png
Brachot,Travertino Classico,slab,slab,1920x964,brachot-Designs Uniceramica\Travertino Classico_Strutturata_full slab_1920x964_A.png
Brachot,Travertino Light,slab,slab-shaped,1920x960,brachot-Designs Uniceramica\Travertino Light_KSXTLA_1920x960.png
Brachot,Travertino Navona,slab,slab-shaped,1920x960,brachot-Designs Uniceramica\Travertino Navona_KSXTNAA_1920x960.png
Brachot,Travertino Romano Classico SUPER,slab,slab,1920x967,brachot-Designs Uniceramica\Travertino Bianco_strutturata_full slab_1920x967_A.png
Brachot,Travertino Silver,slab,slab,1920x967,brachot-Designs Uniceramica\Travertino Bianco_strutturata_full slab_1920x967_A.png
Brachot,Travertino Titanium,slab,slab,1920x967,brachot-Designs Uniceramica\Travertino Bianco_strutturata_full slab_1920x967_A.png
Brachot,Tundra Grey,NO MATCH,,,
Brachot,Verde Alpi,NO MATCH,,,
Brachot,Verde Levanto,NO MATCH,,,
Brachot,Verde Perola,NO MATCH,,,
Brachot,Vert De Rajastan,NO MATCH,,,
Brachot,Vert Tropical,NO MATCH,,,
Brachot,Volakas Classic,NO MATCH,,,
Brachot,Volakas Extra,NO MATCH,,,
Brachot,Wiskont White,NO MATCH,,,
Brachot,Zimbabwe Black,NO MATCH,,,
Clay International,Absolute Black,NO MATCH,,,
Clay International,Absolute White,NO MATCH,,,
Clay International,Aegan Blue,NO MATCH,,,
Clay International,Andaman Emerald,NO MATCH,,,
Clay International,Andromeda,NO MATCH,,,
Clay International,Antibes,NO MATCH,,,
Clay International,Arabescato Diva,NO MATCH,,,
Clay International,Bercy,NO MATCH,,,
Clay International,Buxy Select,slab,slab-shaped,1200x600,Buxy Select\BuxySelect_SE07.png
Clay International,Calacatta Brasile,slab,slab,1280x854,Calacatta Hermitage\Infinity_MB17_Calacatta-Hermitage_slab-2.jpg
Clay International,Calacatta Glory,slab,slab,1280x854,Calacatta Hermitage\Infinity_MB17_Calacatta-Hermitage_slab-2.jpg
Clay International,Calacatta Hermitage,slab,slab,1280x854,Calacatta Hermitage\Infinity_MB17_Calacatta-Hermitage_slab-2.jpg
Clay International,Calacatta Hermitage Vein Tech,slab,slab,1280x854,Calacatta Hermitage\Infinity_MB17_Calacatta-Hermitage_slab-2.jpg
Clay International,Calacatta Magnifico,slab,slab,1280x854,Calacatta Hermitage\Infinity_MB17_Calacatta-Hermitage_slab-2.jpg
Clay International,Calacatta Magnifico Vein Tech,slab,slab,1280x854,Calacatta Hermitage\Infinity_MB17_Calacatta-Hermitage_slab-2.jpg
Clay International,Calacatta Oro,closeup-only,square-ish,100x100,Calacatta oro\Infinity_MB06_Calacatta_Oro_160x320_12mm-100x100.png
Clay International,Calacatta Viola,slab,slab,1280x854,Calacatta Hermitage\Infinity_MB17_Calacatta-Hermitage_slab-2.jpg
Clay International,Cammeo,NO MATCH,,,
Clay International,Ceppo Romano,NO MATCH,,,
Clay International,Chianca Di Ostuni,NO MATCH,,,
Clay International,Cipollino,NO MATCH,,,
Clay International,Classic Statuario,NO MATCH,,,
Clay International,Concrete Grey,NO MATCH,,,
Clay International,Concrete Light,NO MATCH,,,
Clay International,Crystal Clear,NO MATCH,,,
Clay International,Crystal Ice,NO MATCH,,,
Clay International,Defense,NO MATCH,,,
Clay International,Doro,NO MATCH,,,
Clay International,Extra Statuario,closeup-only,unclear,1400x990,Extra Statuario\Extra statuario table.jpg
Clay International,Fossil,NO MATCH,,,
Clay International,Fossil Row,NO MATCH,,,
Clay International,Fossil Tartan,NO MATCH,,,
Clay International,Gordes,NO MATCH,,,
Clay International,Hyams White,NO MATCH,,,
Clay International,Magellano,NO MATCH,,,
Clay International,Metal Corten,NO MATCH,,,
Clay International,Metal Dark,NO MATCH,,,
Clay International,Midori,NO MATCH,,,
Clay International,Milan Stone,NO MATCH,,,
Clay International,Nero Marquinia,NO MATCH,,,
Clay International,Onyx White,NO MATCH,,,
Clay International,Orobico Luxe,NO MATCH,,,
Clay International,Palladium Ivory,NO MATCH,,,
Clay International,Panda White,closeup-only,unclear,1181x2346,Panda White.jpg
Clay International,Pietra Grey,NO MATCH,,,
Clay International,Pigalle,slab,slab-shaped,1400x933,Pigalle - textured\Pigalle textured.jpg
Clay International,Plaster Ash,NO MATCH,,,
Clay International,Plaster Bone,NO MATCH,,,
Clay International,Plaster Ground,NO MATCH,,,
Clay International,Plaster Sand,NO MATCH,,,
Clay International,Plaster Snow,NO MATCH,,,
Clay International,Plaster Warm,NO MATCH,,,
Clay International,Provencale,NO MATCH,,,
Clay International,Pulpis Brown,NO MATCH,,,
Clay International,Rosso Domus,NO MATCH,,,
Clay International,Royal,NO MATCH,,,
Clay International,Royal Peacock,NO MATCH,,,
Clay International,Sahara Noir,NO MATCH,,,
Clay International,Sandstone Gray,NO MATCH,,,
Clay International,Sandstone Light,NO MATCH,,,
Clay International,Sandstone Silver,NO MATCH,,,
Clay International,Sandstone Warm,NO MATCH,,,
Clay International,Santos,NO MATCH,,,
Clay International,Sorario,NO MATCH,,,
Clay International,Statuario Principe,closeup-only,unclear,1400x990,Extra Statuario\Extra statuario table.jpg
Clay International,Statuario Principe Vein Tech,closeup-only,unclear,1400x990,Extra Statuario\Extra statuario table.jpg
Clay International,Taj Mahal,NO MATCH,,,
Clay International,Terrazzo White,NO MATCH,,,
Clay International,Total Grey,closeup-only,unclear,600x1200,Total black - satin\Infinity_RE04_Total_Black_160x320_12mm.jpg
Clay International,Total White,closeup-only,unclear,600x1200,Total black - satin\Infinity_RE04_Total_Black_160x320_12mm.jpg
Clay International,Travertine Bianco,NO MATCH,,,
Clay International,Travertine Chiaro,NO MATCH,,,
Clay International,Travertine Grey,NO MATCH,,,
Clay International,Travertine Trilogy,NO MATCH,,,
Clay International,Tundra Select,NO MATCH,,,
Clay International,Verde France,NO MATCH,,,
Clay International,Vik Black,NO MATCH,,,
Clay International,White Macaubas,closeup-only,unclear,1181x2346,Panda White.jpg
Sapien Stone,Fior Di Viola 4D,slab,slab-shaped,1024x512,fior-di-viola-1024x512.jpg
Cosentino Dekton,Blaze,NO MATCH,,,
Cosentino Dekton,Daze,NO MATCH,,,
Cosentino Dekton,Galema,NO MATCH,,,
Cosentino Dekton,Kairos,NO MATCH,,,
Cosentino Dekton,Kairos22,NO MATCH,,,
Cosentino Dekton,Keon,slab,slab-shaped,4272x2848,dekton pronorm\dekton keon 1.JPG
Cosentino Dekton,Laguna,NO MATCH,,,
Cosentino Dekton,Limbo,NO MATCH,,,
Cosentino Dekton,Liquid Embers,NO MATCH,,,
Cosentino Dekton,Liquid Shell22,NO MATCH,,,
Cosentino Dekton,Malibu,NO MATCH,,,
Cosentino Dekton,Micron,NO MATCH,,,
Cosentino Dekton,Milar,NO MATCH,,,
Cosentino Dekton,Natura18,slab,slab,2000x913,Natura\slab.jpg
Cosentino Dekton,Natura22,slab,slab,2000x913,Natura\slab.jpg
Cosentino Dekton,Nayla,NO MATCH,,,
Cosentino Dekton,Nilium,NO MATCH,,,
Cosentino Dekton,Nilium22,NO MATCH,,,
Cosentino Dekton,Olimpo,NO MATCH,,,
Cosentino Dekton,Opera,NO MATCH,,,
Cosentino Dekton,Orix,NO MATCH,,,
Cosentino Dekton,Portum,slab,slab,2000x878,Portum\slab.jpg
Cosentino Dekton,Sasea,NO MATCH,,,
Cosentino Dekton,Sirocco,NO MATCH,,,
Cosentino Dekton,Splendor,NO MATCH,,,
Cosentino Dekton,Strato,NO MATCH,,,
Cosentino Dekton,Tundra22,slab,slab-shaped,700x450,Tundra\RMR-thumb.jpg
Cosentino Dekton,Vegha,NO MATCH,,,
Cosentino Dekton,Vigil,NO MATCH,,,
Cosentino Dekton,Vk02 Avorio,closeup-only,kitchen,988x868,Ceppo GK07\amb01-kitchen-dekton-gk07-ceppo-and-vk02-avorio.jpg
Cosentino Dekton,Vk04 Grafite,closeup-only,unclear,2400x1680,Grafite\cosentino-dekton-pietra-kode-vk04-grafite-bathroom-countertops-archello.1678711813.8535.jpeg
Neolith,Abu Dhabi White,NO MATCH,,,
Neolith,Amazonico,NO MATCH,,,
Neolith,Arabesque,NO MATCH,,,
Neolith,Arctic White,NO MATCH,,,
Neolith,Artisan,NO MATCH,,,
Neolith,Azure,NO MATCH,,,
Neolith,Basalt Black,NO MATCH,,,
Neolith,Basalt Grey,NO MATCH,,,
Neolith,Beton,NO MATCH,,,
Neolith,Black Obsession,NO MATCH,,,
Neolith,Calacatta (BM),NO MATCH,,,
Neolith,Calacatta Gold (BM),NO MATCH,,,
Neolith,Calacatta Luxe (BM),NO MATCH,,,
Neolith,Calacatta Roma (BM),NO MATCH,,,
Neolith,Calacatta Royale,NO MATCH,,,
Neolith,Calatorao,NO MATCH,,,
Neolith,Cappadocia Sunset,NO MATCH,,,
Neolith,Colorado Dunes,NO MATCH,,,
Neolith,Creme,NO MATCH,,,
Neolith,Estatuario (BM),NO MATCH,,,
Neolith,Everest Sunrise,NO MATCH,,,
Neolith,Himalaya Crystal,NO MATCH,,,
Neolith,Ignea,NO MATCH,,,
Neolith,Iron Copper,NO MATCH,,,
Neolith,Iron Corten,NO MATCH,,,
Neolith,Iron Grey,NO MATCH,,,
Neolith,Just White,NO MATCH,,,
Neolith,Layla,NO MATCH,,,
Neolith,Lux,NO MATCH,,,
Neolith,Mamba,NO MATCH,,,
Neolith,Metropolitan,NO MATCH,,,
Neolith,Mont Blanc,NO MATCH,,,
Neolith,Nero,NO MATCH,,,
Neolith,New York - New York,NO MATCH,,,
Neolith,Pietra di Luna,NO MATCH,,,
Neolith,Pietra di Osso,NO MATCH,,,
Neolith,Pietra di Piombo,NO MATCH,,,
Neolith,Rapolano,NO MATCH,,,
Neolith,Retrostone,NO MATCH,,,
Neolith,Shilin,NO MATCH,,,
Neolith,Strata Argentum,NO MATCH,,,
Neolith,Taj Mahal,NO MATCH,,,
Neolith,Terrazo Ceppo,NO MATCH,,,
Neolith,Whitesands,NO MATCH,,,
Neolith,Zaha Stone,NO MATCH,,,
